acordat	5	concordat	4.5	pactat	4	consensuat	3.5	unificat	3	acordat	2.5	coincident	2	compartit	1.5	unit	1	combinat	0.5
o�da	5	sorda	4.5	hipoac�sica	4	sordomuda	3.5	hipoac�sica	3										
separaci�	5	discriminaci�	4.5	divisi�	4	exclusi�	3.5	a�llament	3	desigualtat	2.5	diferenciaci�	2	fragmentaci�	1.5	marginaci�	1	fractura	0.5
pol�mics	5	conflictius	4.5	divisius	4	sensibles	3.5	complexos	3	delicats	2.5	espinosos	2	dif�cils	1.5	complicats	1	controversials	0.5
adhesius	5	autocol�lants	4.5	pegatines	4	etiquetes	3.5	xapes	3	posters	2.5	cartells	2	imatges enganxades	1.5	vinils decoratius	1	adherents	0.5
planejada	5	calculada	4.5	deliberada	4	pensada	3.5	estudiada	3	preparada	2.5	dissenyada	2	concertada	1.5	meditada	1	tramada	0.5
tractament	5	enfocament	4.5	maneig	4	intervenci�	3.5	gesti�	3	abastament	2.5	aproximaci�	2	soluci�	1.5	resoluci�	1	atenci�	0.5
confusi�	5	incertesa	4.5	dubte	4	incoher�ncia	3.5	oscil�laci�	3	contradicci�	2.5	equ�voc	2	vaguetat	1.5	indeterminaci�	1		
convulsions	5	atacs epil�ptics	4.5	crisis epil�ptiques	4	trastorn convulsiv	3.5	malaltia convulsiva	3	episodis convulsius	2.5								
escoles privades	5	escoles subvencionades	4.5	col�legis privats	4														
temporal	5	provisional	4.5	passatgera	4	moment�nia	3.5	ef�mera	3	breu	2.5	limitada	2	curta	1.5	interina	1	de transici�	0.5
desavantatjades	5	menys privilegiades	4.5	marginades	4	excl�sies	3.5	desafortunades	3	pobres	2.5	vulnerables	2						
humanes	5	de benestar	4.5	de protecci�	4	de suport	3.5	de solidaritat	3	d'ajuda humanit�ria	2.5	d'assist�ncia humanit�ria	2						
educatius	5	formatius	4.5	instructius	4	did�ctics	3.5	pedag�gics	3	ensenyament	2.5	aprenentatge	2	desenvolupament	1.5	culturals	1	socials	0.5
terap�utic	5	curatiu	4.5	sanador	4	remeiat	3.5	salut�fer	3	medicament�s	2.5	farmac�utic	2	terap�uticament actiu	1.5				
indirectament	5	subtilment	4.5	sotaent�s	4														
imprescindibles	5	indispensables	4.5	essencials	4	vitals	3.5	obligat�ries	3	imprescindibles	2.5	b�siques	2	fonamentals	1.5	inajornables	1	insubstitu�bles	0.5
ideologia	5	creen�a	4.5	conviccions	4	credo	3.5	dogma	3	ensenyament	2.5	valors	2	principis	1.5	filosofia	1		
assetjament	5	intimidaci�	4.5	acoso	4	maltractament	3.5	vexaci�	3	persecuci�	2.5	hostigamiento	2	abuso	1.5	agresi�n	1	violencia	0.5
excluyente	5	partidista	4.5	dogm�tico	4	radical	3.5	intolerante	3	fan�tico	2.5	extremista	2	exclusivista	1.5				
acordat	5	convingut	4.5	pactat	4	establert	3.5	assolit	3	concertat	2.5	tancat	2	ajustat	1.5	finalitzat	1		
homosexual femenina	5	mujer gay	4.5	s�fica	4	gaya	3.5	marimacho	3	bollera	2.5	tortillera	2	lesb�fila	1.5				
conjuntament	5	col�laborativament	4.5	en conjunci�	4	en col�laboraci�	3.5	compartint esfor�os	3										
codi gen�tic	5	informaci� gen�tica	4.5	adn	4	genotip	3.5	material gen�tic	3	her�ncia gen�tica	2.5	patr� gen�tic	2	seq�encia gen�mica	1.5	composici� gen�tica	1	expressi� gen�tica	0.5
defensar�	5	reclamar�	4.5	exigir�	4	promour�	3.5	demanar�	3	assegurar�	2.5	protegir�	2	garantir�	1.5	sostindr�	1	preservar�	0.5
destacat	5	emfatitzat	4.5	enfatitzat	4	remarcat	3.5	assenyalat	3	accentuat	2.5	marcat	2	enfocat	1.5				
preocupen	5	inquieta	4.5	alarma	4	espanta	3.5	angoixa	3	incomoda	2.5	desassossega	2	turmenta	1.5	desconcerta	1	genera temor	0.5
religi�s	5	clerical	4.5	ecclesi�stic	4	sacerdotal	3.5	cat�lic	3	religiosos	2.5	clergatge	2	cura d'alma	1.5	pastor	1		
incl�s	5	situat	4.5	integrat	4	enmarcat	3.5												
marginat	5	a�llat	4.5	descartat	4	rebutjat	3.5	ignorat	3	desfavorit	2.5	excl�s socialment	2	sense acc�s	1.5	discriminat	1		
solos	5	sense ajuda	4.5	sense suport	4	solitaris	3.5	independentment	3	sense assist�ncia	2.5	sense acompanyament	2						
prop�sit	5	objectiu	4.5	finalitat	4	intenci�	3.5	meta	3	direcci�	2.5	orientaci�	2	planificaci�	1.5	estrat�gia	1	enfoque	0.5
divisi�	5	separaci�	4.5	escissi�	4	desintegraci�	3.5	disgregaci�	3	segmentaci�	2.5	partici�	2	fraccionament	1.5	descomposici�	1	escissi�	0.5
aprovat	5	certificat	4.5	validat	4	reconegut	3.5	acreditat	3	qualificat	2.5	autoritzat	2	avalat	1.5	garantit	1	verificat	0.5
de madrid	5	madrilenca	4.5	d'origen madrileny	4														
incoherents	5	confusos	4.5	desconcertants	4	incompatibles	3.5	diferents	3	oposats	2.5	contraris	2	antag�nics	1.5	inconsistentes	1	paradoxals	0.5
ritme	5	harmonia	4.5	melodiositat	4	sintonia	3.5	composici�	3	tonalitat	2.5	tema musical	2	can��	1.5	m�sica	1	simfon�a	0.5
aigu�s	5	tempestu�s	4.5	humit	4	torrencial	3.5	xafog�s	3	lluisc�s	2.5	diluvi�s	2	moll�s	1.5	aplujat	1	precipitat	0.5
demanen	5	exigeixen	4.5	sol�liciten	4	insten	3.5	requereixen	3	preguen	2.5								
inactiu	5	en espera	4.5	latent	4	inactiu	3.5	en rep�s	3	en reserva	2.5	en stand-by	2	inoperatiu	1.5	hibernant	1		
casual	5	imprevisible	4.5	fortu�ta	4	arbitr�ria	3.5	inesperada	3	sorprenent	2.5	accidental	2	fortuita	1.5	desordenada	1	a l'atzar	0.5
proves finals	5	ex�mens nacionals	4.5	avaluacions estatals	4	proves d'avaluaci�	3.5	tests estandarditzats	3	avaluacions acad�miques	2.5	proves d'aptitud	2						
decret d'urg�ncia	5	normativa excepcional	4.5	regulaci� temporal	4	mesura legislativa	3.5	decret provisional	3	directriu legal	2.5	disposici� extraordin�ria	2	decisi� normativa	1.5	resoluci� legislativa	1		
exhibeixin	5	manifestin	4.5	expressin	4	demostrin	3.5	ensenyin	3	revelin	2.5	declarin	2	demostren	1.5	palesin	1	exterioritzin	0.5
programa d'ensenyament	5																		
estereotip	5	prejudici	4.5	discriminaci�	4	estigmatitzaci�	3.5	estereotipaci�	3	marginaci�	2.5	exclusi�	2	desprestigi	1.5	estigmatisme	1	desigualtat	0.5
adquireixen	5	assimilen	4.5	desenvolupen	4	interioritzen	3.5	assimilen	3	admeten	2.5	assimilen	2	comprenen	1.5	assimilen	1	entenen	0.5
compromisos	5	acords	4.5	pactes	4	convenis	3.5	compromissions	3	promeses electorals	2.5	garanties	2	assegurances	1.5	comprometiments	1	paraules	0.5
h�bits	5	costums	4.5	pr�ctiques	4	procediments	3.5	rutinaris	3	rutes	2.5	pautas	2	normes	1.5	consells	1	orientacions	0.5
desatesos	5	descuidats	4.5	ignorats	4	desconsiderats	3.5	menystinguts	3	desat�s	2.5	oblidadissos	2	abandonats	1.5	desemparats	1	desatendits	0.5
aggressiu	5	guerrer	4.5	militar	4	combatent	3.5	hostil	3	bel�ligerant	2.5	ofensiu	2	violent	1.5	b�licol	1	marcial	0.5
es troba	5	est� situada	4.5	es localitza	4	�s assignada	3.5	�s destinada	3	�s designada	2.5	�s determinada	2	�s establerta	1.5	es defineix	1		
indignant	5	vergonyosa	4.5	xocant	4	repugnant	3.5	inacceptable	3	ultratjant	2.5	escandalitzant	2	sorprenent	1.5	injusta	1	deshonesta	0.5
mandr�s	5	vaguet	4.5	perni�s	4	desmotivat	3.5	negligent	3	desinteressat	2.5	despreocupat	2	irresponsable	1.5	holgaz�n	1	perezoso	0.5
problema	5	dificultat	4.5	contratemps	4	trabac	3.5	impediment	3	obst�cle	2.5	incomoditat	2	desavantatge	1.5	incoveni�ncia	1	entrebanc	0.5
apressen	5	empresonen	4.5	encerclen	4	atrapen	3.5	coaccionen	3	amena�en	2.5	obliguen	2	confinen	1.5	limiten	1	restringeixen	0.5
excusa	5	justificaci�	4.5	motiu	4	ra�	3.5	pretexte	3	argument	2.5	argumentaci�	2	explicaci�	1.5	racionalitzaci�	1	pretesa	0.5
moviment ocular	5	coordinaci� visual	4.5	agilitat ocular	4	destresa visual	3.5	flexibilitat visual	3										
preocupaci�	5	inquietud	4.5	angoixa	4	ansietat	3.5	nerviosisme	3	temor	2.5	intranquil�litat	2	malestar	1.5	desassossec	1	incertesa	0.5
contradicci�	5	incongru�ncia	4.5	contradicci�	4	absurditat	3.5	incoher�ncia	3	contradicci�	2.5	contrasentit	2	antinomia	1.5	incompatibilitat	1		
controla	5	maneja	4.5	coneix b�	4														
desconnexi�	5	separaci�	4.5	allunyament	4	distanciament	3.5	desvinculaci�	3	a�llament	2.5	despla�ament	2	exclusi�	1.5	desintegraci�	1		
millorar	5	corregir	4.5	solucionar	4	enmendar	3.5	rectificar	3	ajustar	2.5	reorientar	2	enfortir	1.5	potenciar	1	perfeccionar	0.5
																			
iniciar	5	realitzar	4.5	portar endavant	4	executar	3.5	comen�ar	3	engegar	2.5	encetar	2						
prud�ncia	5	secretisme	4.5	cautelesa	4	reserva	3.5	confidencialitat	3	moderaci�	2.5	circumspecci�	2	sensatesa	1.5	precauci�	1	cautela	0.5
proves massives	5	detecci� preco�	4.5	rastrejos	4	controls sanitaris	3.5	an�lisis massius	3	tamisatges	2.5	selecci� sistem�tica	2	escrutinis	1.5				
anima	5	motiva	4.5	emp�nyer	4	estimula	3.5	impulsa	3	incentiva	2.5	afavoreix	2	fomenta	1.5	promou	1	inspira	0.5
detallista	5	minuci�s	4.5	prec�s	4	rigor�s	3.5	escrupul�s	3	acurat	2.5	meticuloso	2	puntilloso	1.5	esmerado	1	cuidadoso	0.5
examinadors	5	avaluadors	4.5	revisors	4	evaluadors	3.5	corregidors	3	jutges	2.5	graders	2	escrutadors	1.5	verificadors	1	supervisors	0.5
desmai	5	desfallecimiento	4.5	mareig	4	s�ncope	3.5	desfet	3	fatiga extrema	2.5	esgotament f�sic	2	debilitat intensa	1.5	desvaniment	1		
desvien	5	aparten	4.5	desconcentren	4	desatenen	3.5	atreuen	3	interfereixen	2.5	interrumpen	2	distorsionen	1.5	confonen	1	desorienten	0.5
educaci�	5	formaci�	4.5	instrucci�	4	aprenentatge	3.5	ensenyament	3	desenvolupament acad�mic	2.5	cultura escolar	2	saber fer	1.5	coneixement	1		
resumir	5	reunir	4.5	agrupar	4	sintetitzar	3.5	recopilar	3	condensar	2.5	unificar	2	incloure	1.5	integrar	1	consolidar	0.5
aigua corrent	5	aigua potable	4.5																
pares	5	mares	4.5	tutors	4	cuidadors	3.5	adults responsables	3	figures d'autoritat	2.5	guies educatius	2	mentors	1.5				
evidents	5	manifests	4.5	clars	4	notoris	3.5	detectables	3	perceptibles	2.5	palpables	2	reconeixibles	1.5	ostensibles	1	aparents	0.5
excl�s	5	rebutjat	4.5	ignorat	4	descartat	3.5	marginat	3	a�llat	2.5	desconsiderat	2	desestimat	1.5	despla�at	1	menystingut	0.5
influ�ncia	5	autoritat	4.5	domini	4	lideratge	3.5	prestigi	3	influ�ncia	2.5	poder	2	control	1.5	superioritat	1	influ�ncia	0.5
ampolles	5	recipients	4.5	contenidors	4	vasos	3.5	gots	3	flascons	2.5	gerres	2	botelles	1.5	pots	1	llaunes	0.5
uneix	5	integra	4.5	connecta	4	vincula	3.5	apropa	3	uneix	2.5	lliga	2	fusiona	1.5	combina	1	aglutina	0.5
diaris	5	rutines di�ries	4.5	ritmes naturals	4	horaris biol�gics	3.5	fluctuacions di�ries	3	variacions quotidianes	2.5	canvis c�clics	2						
fulls	5	documents	4.5	papers	4	formularis	3.5	fitxes	3	plantilles	2.5	models	2	sol�licituds	1.5	testos	1	inst�ncies	0.5
terapeuta	5	consellera	4.5	orientadora psicol�gica	4	assessora emocional	3.5	entrenadora mental	3										
desenvolupament	5	evoluci�	4.5	creixement	4	progressi�	3.5	ampliaci�	3	expansi�	2.5	augment	2	escalada	1.5	canvi radical	1	transformaci�	0.5
permanents	5	persistents	4.5	continues	4	llargues durades	3.5	dures	3	inc�modes	2.5	incessants	2	constantes	1.5	recurrents	1		
clara	5	evident	4.5	indiscutible	4	inconfundible	3.5	inequ�voca	3	n�tida	2.5	obvia	2	palpable	1.5	segura	1	un�voca	0.5
creatiu	5	innovador	4.5	original	4	inventiu	3.5	imaginatiu	3	no convencional	2.5	vers�til	2	flexible	1.5	espontani	1		
ignorades	5	descuidades	4.5	abandonades	4	oblidades	3.5	desatendides	3	desconsiderades	2.5	menystingudes	2	negligides	1.5	marginades	1		
cr�nic	5	persistent	4.5	generalitzat	4	continu	3.5	com�	3	ubicu	2.5	est�s	2	constant	1.5	regular	1	habitual	0.5
alteren	5	manipulen	4.5	deformen	4	desvirtuen	3.5	falsegen	3	tergiversen	2.5	enganyen	2	confonen	1.5	emboliquen	1	enredan	0.5
provar	5	tastar	4.5	gaudir	4	experimentar	3.5	assaborir	3	beure	2.5	prendre	2	consumir	1.5	saborejar	1	catar	0.5
finalitzant	5	acabant	4.5	concluint	4	completant	3.5	gaireb� acabat	3										
prem	5	selecciona	4.5	toca	4	apreta	3.5	oprimeix	3	fes clic	2.5	activa	2	executa	1.5				
conscienciar	5	informar	4.5	educar	4	instruir	3.5	promoure	3	fomentar	2.5	sensibilitzar-se sobre	2	fer entendre	1.5				
gen�tic	5	molecular	4.5	de l'adn	4	dels gens	3.5	del genoma	3										
f�sic	5	material	4.5	palpable	4	concret	3.5	visible	3	t�ctil	2.5	real	2	objectiu	1.5	perceptible	1	aparent	0.5
consolidaci�	5	fixaci�	4.5	assimilaci�	4	integraci�	3.5	comprehensi�	3	interioritzaci�	2.5	memoritzaci�	2	adquisici�	1.5	domini	1	aprenentatge	0.5
vestimenta	5	indumentaria	4.5	traje	4	atuendo	3.5	vestuario	3	atav�o	2.5	indumento	2						
botelles	5	gerres	4.5	flacons	4	embotellaments	3.5	flascons	3										
protector	5	segur	4.5	fiable	4	confiable	3.5	s�lid	3	estable	2.5	defensable	2	asegurat	1.5				
negatius	5	perjudicials	4.5	nocivos	4	contraproduents	3.5	desfavorables	3	indesitjables	2.5	perniciosos	2	danyosos	1.5	problem�tics	1	perillosos	0.5
inscrits	5	registrats	4.5	apuntats	4	matriculants	3.5	alumnes	3	estudiants	2.5	cursant	2	inscripci� feta	1.5	admesos	1		
competiran	5	enfrontaran	4.5	jugaran	4	batallaran	3.5	lluitaran	3	enfrontar-se	2.5	confrontaran	2	guanyaran	1.5				
casetes temporals	5	aules prefabricades	4.5	estructures provisionals	4	m�duls habitables	3.5	caravanes escolars	3	edificis port�tils	2.5	cases modulars	2	aules m�bils	1.5	espais temporals	1		
intensiva: intensa	5	mestres: professors	4.5	universitaris: universitaris	4														
cada setmana	5																		
alterar	5	distorsionar	4.5	manipular	4	falsejar	3.5	desfigurar	3	tergiversar	2.5	deformar	2	malinterpretar	1.5	enganyar	1	desnaturalitzar	0.5
multicultural	5	interculturalitat	4.5	diversitat cultural	4	inter�tnic	3.5	pluricultural	3	transcultural	2.5	relacions interculturals	2	conviv�ncia intercultural	1.5	comunicaci� transcultural	1	interacci� cultural	0.5
insultar	5	amena�ar	4.5	provocar	4	molestar	3.5	hostigar	3	atacar verbalment	2.5	agredir verbalment	2	importunar	1.5	intimidar	1	ofendre	0.5
predeterminades	5	establertes pr�viament	4.5	fixades	4	definides	3.5	assignades	3	designades	2.5	predefinides	2	preestablimentades	1.5	prescrites	1		
pres�ncia f�sica	5	contacte directe	4.5	reunions presencials	4	presencialisme	3.5	activitats presencials	3										
clich�s	5	prejudicis	4.5	convencions	4	patrons	3.5	models	3	idees preconcebudes	2.5	creences limitants	2	conceptes est�tics	1.5	est�ndards socials	1	expectatives r�gides	0.5
immigrants	5	estrangers	4.5	recents arribats	4	forasters	3.5	refugiats	3	exiliats	2.5	transplants culturals	2	residents recents	1.5				
gossos guia	5	can guia	4.5	gossos d'assist�ncia	4	can d'ajuda	3.5												
indoctriament	5	manipulaci�	4.5	propaganda	4	influ�ncia	3.5	ensenyament tendenci�s	3	persuasi� ideol�gica	2.5	catequesi pol�tica	2	condicionament mental	1.5	programaci� ideol�gica	1		
contradict�ries	5	incoherents	4.5	poc s�lides	4	dubtoses	3.5	poc fonamentades	3	sense coher�ncia	2.5	irregulars	2	poc convincentes	1.5				
se�alados	5	se�alizados	4.5	acusados	4	inculpados	3.5	estigmatizados	3	sospechosos	2.5								
fomentat	5	impulsat	4.5	incentivat	4	animat	3.5	encorajat	3	estimulat	2.5	potenciat	2	divulgat	1.5	dif�s	1	propagat	0.5
malaltissa	5	anormal	4.5	enferma	4	danyosa	3.5	desordenada	3	an�mala	2.5	desviada	2	alterada	1.5	irregular	1	an�mia	0.5
h�bits	5	costums	4.5	procediments	4	activitats di�ries	3.5	pr�ctiques	3	rutinari	2.5	cicle	2	repetici�	1.5	ordre	1	organitzaci�	0.5
provocant	5	estimulant	4.5	fomentant	4	animant	3.5	instigant	3	encoratjant	2.5	empentant	2	induint	1.5	excitant	1	impulsant	0.5
cantat	5	interpretat	4.5	canturrejat	4	vocalitzat	3.5	recitat	3	declamat	2.5	corejat	2	repetit	1.5	proclamat	1		
cat�leg	5	llista	4.5	registre	4	recull	3.5	inventariatge	3	arxiu	2.5	compilaci�	2	cens	1.5	directori	1	�ndex	0.5
preus	5	tarifes	4.5	costos	4	taxaci�	3.5	c�rrecs	3	pagament	2.5	facturaci�	2	valors	1.5	quotes	1		
cec	5	sense visi�	4.5	no veient	4														
																			
centres educatius	5	escoles institucionalitzades	4.5	instituts d'ensenyament	4	centres escolars	3.5	institucions educatives	3	escoles residencials	2.5	centres pedag�gics	2						
consideren	5	valoren	4.5	defensen	4														
adquireixen	5	assimilen	4.5	desenvolupen	4	internalitzen	3.5	domestiquen	3	assagen	2.5	experimenten	2	descobreixen	1.5	absorbeixen	1	aprofundeixen	0.5
precedents legals	5	jurisprud�ncia passada	4.5	precedents jur�dics	4	antecedents legals	3.5												
persones trans	5	transsexuals	4.5	transg�nere	4	g�nere fluid	3.5												
extremistes	5	fan�tics	4.5	radicals	4	terroristes	3.5	milicians	3	combatents islamistes	2.5								
exc�s	5	saturaci�	4.5	abund�ncia	4	superabund�ncia	3.5	sobresaturaci�	3	sobreabund�ncia	2.5	oferta excessiva	2						
privacitat	5	secret	4.5	intimitat	4	reserva	3.5	sigil�li	3	confid�ncia	2.5	discreci�	2	confian�a	1.5				
abandonaments	5	ren�ncies	4.5	fugides	4	desistiments	3.5	retirades	3	desertions	2.5	escapades	2	sortides	1.5	defalliments	1	abandons	0.5
intolerants	5	afectats	4.5	reaccionen negativament	4	all�rgics	3.5	hipersensibles	3										
pr�ctiques	5	accions	4.5	comportament	4	actituds	3.5	conducta	3	procediments	2.5	t�cniques	2	m�todes	1.5	formes d'actuar	1		
principal	5	dominant	4.5	principalment	4	fonamental	3.5	b�sic	3	central	2.5	primari	2	essencial	1.5	principalment utilitzat	1	principalment emprat	0.5
realitzin	5	organitzin	4.5	executin	4	desenvolupin	3.5	facin	3	implementin	2.5								
preconcebuda	5	predeterminada	4.5	preestablerta	4	preconcebuta	3.5	prejutjada	3	predisposada	2.5	predita	2	prec�ria	1.5				
estimulants	5	engrescadores	4.5	animadores	4	inspiradores	3.5	empoderadores	3	encoratjadores	2.5	atractives	2	divertides	1.5	interessants	1	enriquidores	0.5
tecnol�gic-cient�fiques	5	tecnoci�ncia	4.5	ci�ncia aplicada	4	tecnologia avan�ada	3.5	innovaci� cient�fica	3	investigaci� tecnol�gica	2.5	desenvolupament cient�fic-tecnol�gic	2	coneixement cient�fic-tecnol�gic	1.5				
tema	5	assumpte	4.5	problema	4	controv�rsia	3.5	aspecte	3	cuesti�	2.5	fet	2	pregunta	1.5	dilema	1		
postsecund�ria	5	postescolar	4.5	postbatxillerat	4	postformaci�	3.5	postacad�mica	3	postpreuniversit�ria	2.5	postgraduat	2	postcurs	1.5	posgraduat	1	posbatxillerat	0.5
vida di�ria	5	rutina	4.5	activitats habituals	4	costumari	3.5	h�bits quotidians	3	vida quotidiana	2.5	experi�ncies di�ries	2						
violant	5	transgredint	4.5	infringint	4	desobeint	3.5	menystenint	3	desatendre	2.5	trencant	2	ignorant	1.5	incumplint	1	desrespectant	0.5
provisi�	5	subministrament	4.5	aprovisionament	4	dotaci�	3.5	prove�ment	3	estoc	2.5	exist�ncies	2	reserva	1.5	disponibilitat	1	aprovisionament	0.5
secularisme	5	neutralitat religiosa	4.5	pluralisme religi�s	4	toler�ncia religiosa	3.5	no confessionalitat	3	aconfessionalitat	2.5	laicitat estatal	2	no teocr�cia	1.5				
manipulen	5	alteren	4.5	deformen	4	desvirtuen	3.5	tergiversen	3	enganyen	2.5	falsifiquen	2	exageren	1.5	embellixen	1	descontextualitzen	0.5
sospitar	5	dubtar	4.5	no creure's	4	desconfiar-se	3.5	recelar	3	descreure	2.5	desconfiar en	2						
oral	5	bucal	4.5	l�vul	4	parla	3.5	expressi� facial	3	articulaci�	2.5	pronunciaci�	2	comunicaci� oral	1.5				
desavantatjats	5	menys afavorits	4.5	marginats	4	excl�s	3.5	desprotegits	3	vulnerables	2.5	pobres	2	necessitats especials	1.5	amb dificultats	1		
actualitat	5	temes actuals	4.5	not�cies recents	4	esdeveniments actuals	3.5	situaci� actual	3	tend�ncies actuals	2.5	fets recents	2	darreres novetats	1.5	�ltimes not�cies	1	actualitat pol�tica	0.5
contenidor	5	paperera p�blica	4.5	contenidor d'escombraries	4														
actuaci�	5	acci�	4.5	intervenci� policial	4	operaci�	3.5	intervenci� for�osa	3	invasi�	2.5	intromissi�	2	intervenci� violenta	1.5	repressi�	1	coacci�	0.5
problemes	5	defici�ncies	4.5	d�ficits	4	inefici�ncies	3.5	limitacions	3	fallades	2.5	anomalies	2	desajustos	1.5	irregularitats	1	incid�ncies	0.5
retard	5	demora	4.5	endarreriment	4	postergaci�	3.5	ajornament	3	procrastinaci�	2.5	prorrogaci�	2	aturada	1.5	pausa	1	espera	0.5
delicat	5	controvertit	4.5	pol�mic	4	complex	3.5	important	3	rellevant	2.5	emotiu	2	cr�tic	1.5	complicat	1	significatiu	0.5
retencions	5	congesti�	4.5	tr�fic lent	4	aturades	3.5	retards	3	aglomeracions	2.5	obstruccions	2	estancaments	1.5	engorjaments	1		
amb dificultat	5	amb limitacions	4.5																
no-involucrament	5	no-intromissi�	4.5	no-interfer�ncia	4	no-mixtificaci�	3.5	no-acci�	3	no-intervenci� externa	2.5								
activitats recreatives	5	tallers l�dics	4.5	activitats d'oci	4	esdeveniments recreatius	3.5	activitats d'entreteniment	3										
rastreig geogr�fic	5	geoposicionament	4.5	localitzaci� gps	4	posicionament geogr�fic	3.5	geotagging	3										
criticat	5	assenyalat	4.5	condemnant	4	atacat	3.5	censurat	3	reprovat	2.5	recriminat	2	q�estionat	1.5	objectat	1	impugnat	0.5
reducci�	5	disminuci�	4.5	deteriorament	4	empitjorament	3.5	menyspreu	3	menysteniment	2.5	perjudici	2	dany	1.5	perill	1	risc	0.5
manipulat	5	influenciat	4.5	instru�t	4	condicionat	3.5	orientat	3	format	2.5	educat	2	ensenyat	1.5	entrenat	1	persuadit	0.5
executant	5	aplicant	4.5	desplegant	4	realitzant	3.5												
religi�s	5	clerical	4.5	ecclesi�stic	4	cat�lic	3.5	sacerdotal	3	parroquial	2.5	mon�stic	2	devocional	1.5	sagrat	1	teol�gic	0.5
bifurcat	5	dualitat	4.5	doble	4	combinat	3.5	mixt	3	paral�lel	2.5	simultani	2	conjunt	1.5	gemellat	1	duplicitat	0.5
persona trans	5	transg�nere	4.5	no binari	4	g�nere fluid	3.5	persona transg�nere	3	persona transsexual	2.5								
integraci�	5	estandarditzaci�	4.5	regularitzaci�	4	homogene�tzaci�	3.5	adaptaci�	3	acostumament	2.5	assimilaci�	2	unificaci�	1.5	regulamentaci�	1	ajustament	0.5
dirigir	5	orientar	4.5	assessorar	4	aconsellar	3.5	encaminar	3	influenciar	2.5	sugerir	2	facilitar	1.5	supervisar	1		
habilitats	5	compet�ncies	4.5	aptituds	4	talents	3.5	capacitats	3	habilitats socials	2.5	destreses emocionals	2	t�cniques	1.5	coneixements pr�ctics	1	capacitats cognitives	0.5
canvi	5	evoluci�	4.5	renovaci�	4	innovaci�	3.5	metamorfosi	3	transici�	2.5	mutaci�	2	conversi�	1.5	revoluci�	1	modernitzaci�	0.5
desprivatitzaci�	5	externalitzaci�	4.5	comercialitzaci�	4	desestatitzaci�	3.5	subcontractaci�	3	gesti� privada	2.5	propietat privada	2						
fomentar	5	promoure	4.5	estimular	4	incentivar	3.5	potenciar	3	desenvolupar	2.5	animar	2	encoratjar	1.5	donar suport	1	afavorir	0.5
econ�mic	5	financer	4.5	monetari	4	de recursos	3.5	d'ingressos	3										
nedar	5	banyar-se	4.5	mullar-se	4	flotar	3.5	submergir-se	3	esbargir-se	2.5	remenar-se	2						
n�meros	5	c�lculs	4.5	operacions	4	geometria	3.5	mesures	3	problemes	2.5	figures	2	quantitats	1.5	formes	1	l�gica	0.5
separades	5	dividides	4.5	a�llades	4	discriminades	3.5	classificades	3	agrupades	2.5	diferenciades	2	apartades	1.5	excl�sives	1	fragmentades	0.5
flotar	5	no enfonsar-se	4.5	no submergir-se	4														
escollit	5	optat	4.5	seleccionat	4	triat	3.5	preferit	3	elegit	2.5	adoptat	2	acollit	1.5	inclinat	1	decidit	0.5
directrius	5	normatives	4.5	procediments	4	instruccions	3.5	guies	3	regles	2.5	l�nies d'actuaci�	2	pautas	1.5	indicacions	1	orientacions	0.5
assumim	5	prenem	4.5	acceptem	4	encarreguem-nos	3.5												
magnitud	5	ample	4.5	grand�ria	4	import�ncia	3.5	dimensional	3	extensi�	2.5	volum	2	abast	1.5	grans proporcions	1	complexitat	0.5
pagaments compartits	5	quotes compartides	4.5	contribucions familiars	4	aportacions econ�miques	3.5	despeses conjuntes	3	costos compartits	2.5	pagaments col�lectius	2	quotes familiars	1.5				
guia	5	tutor	4.5	conseller	4	assessor	3.5	orientador	3	acompanyant	2.5	referent	2	expert	1.5	professor particular	1	coach	0.5
sol�licituds	5	inscripcions preliminars	4.5	peticions d'admissi�	4	sol�licituds d'ingr�s	3.5	postulacions	3	candidatures inicials	2.5	admissions anticipades	2						
reservada	5	oculta	4.5	amagada	4	en espera	3.5	retenida	3	dissimulada	2.5	en suspensi�	2						
incongru�ncia constitucional	5	irregularitat constitucional	4.5	il�legalitat constitucional	4														
desconfian�a	5	sospita	4.5	temor	4	inseguretat	3.5	preocupaci�	3	retic�ncia	2.5	desaprovaci�	2	reserva	1.5	aprensi�	1	hostilitat	0.5
exigent	5	detallada	4.5	estricta	4	precisa	3.5	escrupulosa	3	met�dica	2.5	acabada	2	completa	1.5	cuidadosa	1	minuciosa	0.5
separats	5	excl�s	4.5	a�llats	4	marginats	3.5	discriminats	3	apartats	2.5	diferenciats	2	dividits	1.5	distanciats	1	classificats	0.5
amor propi	5	seguretat personal	4.5	autoconfian�a	4	autoacceptaci�	3.5	autoconeixement	3	equilibri emocional	2.5	benestar interior	2	positivitat interna	1.5	autorealitzaci�	1		
ampliat	5	renovat	4.5	est�s	4	prolongat	3.5	continuat	3	allargat	2.5	postposat	2	ajornat	1.5	prorrogable	1	dilatat	0.5
superar	5	passar per	4.5	afrontar	4	experimentar	3.5	viure	3	enfrontar-se a	2.5	suportar	2	patir	1.5	tolerar	1	resistir	0.5
fatigats	5	esgotats	4.5	farts	4	exasperats	3.5	desanimats	3	desgastats	2.5	agobiats	2	desesperats	1.5	emprenyats	1	enfadats	0.5
infringeix	5	viola	4.5	transgredeix	4	desobe�x	3.5	desafia	3	desacata	2.5	no compleix	2	no respecta	1.5	no segueix	1	no acata	0.5
definides	5	espec�fiques	4.5	seleccionades	4	designades	3.5	determinades	3	caracteritzades	2.5	personalitzades	2	adaptades	1.5	ajustades	1	assignades	0.5
desprea	5	menyst�	4.5	ignora	4	infravalora	3.5	menysvalora	3	desconsidera	2.5	minimitza	2	ridiculitza	1.5				
desanimar-se	5	cansar-se	4.5	desistir	4	perdre l'energia	3.5	rendir-se	3	flaquejar	2.5	afloixar	2	desmoralitzar-se	1.5	abandonar	1		
suposici�	5	creen�a	4.5	presumpci� d'innoc�ncia	4	assumpci�	3.5	conjectura	3	hip�tesi	2.5	creen�a popular	2	teoria	1.5	convicci�	1	idea preconcebuda	0.5
amena�adors	5	coaccionadors	4.5	atemoridors	4	intimidants	3.5	espantosos	3	terror�fics	2.5	aterradores	2	inquietants	1.5	angoixants	1	alarmants	0.5
caprici	5	despotisme	4.5	tirania	4	dictadura	3.5	autoritarisme	3	injust�cia	2.5	parcialitat	2	subjectivitat	1.5	discriminaci�	1	favoritisme	0.5
domin�ncia	5	prevalen�a	4.5	superioritat	4	control	3.5	influ�ncia	3	domini	2.5	supremacia	2	hegemonia	1.5	primacia	1	lideratge	0.5
emp�tic	5	compatidor	4.5	entenedor	4	sensible	3.5	solidari	3	condescendent	2.5	tolerant	2	indulgente	1.5	pacient	1	complaisent	0.5
repetici�	5	reiteraci�	4.5	duplicaci�	4	iteraci�	3.5	cicle	3	recursi�	2.5	retroacci�	2	retornament	1.5	retroacci� circular	1		
comparteix	5	accepta	4.5	ent�n	4	suporta	3.5	admet	3	considera	2.5	creu en	2	aprova	1.5				
assignacions	5	inscripcions	4.5	admissions	4	matr�cules	3.5	designacions	3	places assignades	2.5								
ampliar	5	prolongar	4.5	allargar	4	estendre	3.5	renovar	3	continuar	2.5	mantenir	2	estirar	1.5	alentir	1	retardar	0.5
inici	5	comen�ament	4.5	origen	4	germen	3.5	iniciativa	3	iniciador	2.5	precursor	2	pioner	1.5	fundador	1	impulsor	0.5
insults	5	cal�mnies	4.5	difamacions	4	ofenses	3.5	agravis	3	ultratges	2.5	menyspreus	2	desqualificacions	1.5	atacs verbals	1	inj�ries verbals	0.5
clarifiquessin	5	esbrinessin	4.5	descobrissin	4	dilucidessin	3.5	resolguessin	3	desxifressin	2.5	aclareixessin	2	elucidessin	1.5	revellessin	1	esbraguessin	0.5
acceptable	5	tolerable	4.5	raonable	4	admissible	3.5	perdonable	3	comprensible	2.5	razonable	2	aceptable	1.5	permisible	1	justificable	0.5
amist�s	5	compatidor	4.5	emp�tic	4	solidari	3.5	cooperatiu	3	acollidor	2.5	comprensiu	2	inclusiu	1.5	suportiu	1	col�laboratiu	0.5
contingut	5	material d'estudi	4.5	programa	4	curr�culum	3.5	contingut acad�mic	3	assignatures	2.5								
proves pr�ctiques	5	simulacions d'avaluaci�	4.5	pr�ctiques d'avaluaci�	4	simulacres d'examen	3.5	entrenaments pr�ctics	3	activitats simulades	2.5	preparacions pr�ctiques	2						
excedien	5	superaven	4.5	ultrapassaven	4	sobrepasaven	3.5	transcendien	3										
flotant	5	a l'aigua	4.5	en suspensi�	4	al llac	3.5	sense aferrar-se	3										
protestat	5	reclamat	4.5	exigit	4	debatut	3.5	defensat	3	argumentat	2.5	rebutjat	2	criticat	1.5	q�estionat	1	demandat	0.5
activitats complement�ries	5	tallers	4.5	cursos	4	activitats extracurriculars	3.5	activitats d'oci	3	tallers educatius	2.5	activitats recreatives	2	activitats formatives	1.5				
gasos contaminants	5	contaminaci� atmosf�rica	4.5																
formar	5	instruir	4.5	ensenyar	4	guiar	3.5	orientar	3	inculcar	2.5	transmetre	2	desenvolupar	1.5	fomentar	1	promoure	0.5
adquireixen	5	assimilen	4.5	desenvolupen	4	interioritzen	3.5	incorporin	3	aprofundeixen	2.5	domestiquen	2	admeten	1.5	comprendre'n	1	absorbeixen	0.5
entenem	5	compartim	4.5	estem d'acord	4	acceptem	3.5	entenem	3	coincidim	2.5	concordem	2	ens unim	1.5				
creat	5	desenvolupat	4.5	ideat	4	concebut	3.5	dissenyat	3	elaborat	2.5	engendrat	2	imaginat	1.5	produ�t	1	formulat	0.5
fer explotar	5	fer detonar	4.5	fer estallar	4	fer rebentar	3.5	fer petar	3	fer trencar	2.5	fer esmicolar	2	fer desintegrar	1.5	fer fragmentar	1	fer dispersar	0.5
enfortir	5	establir-se	4.5	enraonar	4	integrar-se	3.5	arraigar	3	fer costat	2.5	apegar-se	2	vincular-se	1.5	conectar-se	1		
cebada	5	avena silvestre	4.5	cebada cervecera	4														
regula	5	dirigeix	4.5	controla	4	guia	3.5	maneja	3	administra	2.5	ordeixa	2	estableix	1.5	imposa	1		
sobrecarregada	5	sobreconnectada	4.5	constantment connectada	4	totalment connectada	3.5	extremadament connectada	3	superconnectada	2.5	connectivitat excessiva	2	hiperconectivitat	1.5	conexi� constant	1	connectivitat intensa	0.5
esperada	5	prevista	4.5	volguda	4	buscada	3.5	anhelada	3	demanada	2.5	satisfeta	2	agradable	1.5	conveniente	1		
sensibilitats	5	reaccions adverses	4.5	incompatibilitats	4	aversions	3.5	incapacitats digestives	3	problemes alimentaris	2.5	intoler�ncies aliment�ries	2						
coexisteixen	5	convivien	4.5	cohabitaven	4	compartien	3.5	habitaven junts	3	coexistien	2.5	col�laboraven	2	interactuaven	1.5	coincidien	1		
inter�s	5	inquietud	4.5	ganes	4	desig	3.5	motivaci�	3	fascinaci�	2.5	intriga	2	inter�s	1.5	entusiasme	1	passi�	0.5
fictici	5	imaginari	4.5	fals	4	il�lusori	3.5	irrealista	3	ut�pic	2.5	il�l�s	2	engany�s	1.5	quim�ric	1	fantasi�s	0.5
molt greu	5	cr�tic	4.5	alarmant	4	preocupant	3.5	seri�s	3	important	2.5	acusat	2	agut	1.5	extremadament seriosos	1	crucial	0.5
deliberada	5	premeditada	4.5	volunt�ria	4	planificada	3.5	calculada	3										
cocteleria-bar	5	barmaneria	4.5																
sense identificaci�	5	inidentificables	4.5	despersonalitzats	4	anonimitzats	3.5	sense noms	3	inc�gnits	2.5	no identificables	2	confidencials	1.5				
usuari d'internet	5	navegant	4.5	cibernauta	4	internetauta	3.5	connexionista	3	ciberusuari	2.5	persona digital	2	netejador	1.5				
ensenyar	5	formar	4.5	instruir	4	guiar	3.5	orientar	3	inculcar	2.5	transmetre	2	desenvolupar	1.5	fomentar	1	promoure	0.5
varietat	5	tipus	4.5	classe	4	categoria	3.5	estil	3	perfil	2.5	modalitat	2	variant	1.5	model	1	patr�	0.5
dediques	5	destines	4.5	emprenes	4	invertis	3.5	poses recursos	3	destines recursos	2.5	aportes a	2	inversions en	1.5	millores amb	1		
revisi�	5	recordatori	4.5	repetici�	4	recapitulaci�	3.5	refor�ament	3	revisi� general	2.5	record d'aprenentatge	2	rep�s intensiu	1.5				
infringia	5	desobe�a	4.5	transgredia	4	violava	3.5	desatendia	3	desobe�a	2.5	incomplia	2	no respectava	1.5	anul�lava	1	trencava	0.5
																			
disposar	5	establir	4.5	definir	4	configurar	3.5	delimitar	3	determinar	2.5	especificar	2	designar	1.5	seleccionar	1	assignar	0.5
pares acusadors	5																		
especialitzaci� universit�ria	5	formaci� avan�ada	4.5																
punts	5	marcador	4.5	classificaci�	4	puntuaci� total	3.5	resultat	3	posici�	2.5	puntuaci� acumulada	2	puntuaci� final	1.5	puntuaci� global	1	puntuaci� combinada	0.5
encaminament d'instal�lacions	5	conductivitat d'elements	4.5	passatge d'infraestructures	4														
pr�ctiques	5	experi�ncia pr�ctica	4.5	estada professional	4	formaci� pr�ctica	3.5												
celi�cia	5	glut�	4.5	glutenina	4	malaltia cel�aca	3.5												
situaci� sociopol�tica	5	realitat sociocultural	4.5	entorn sociopol�tic	4														
articulaci�	5	entonaci�	4.5	fon�tica	4	parla	3.5	modulaci�	3	dicci�n	2.5	accentuaci�	2	vocalitzaci�	1.5	intonaci�	1	fonologia	0.5
antifeixista	5	anti-feixista	4.5																
desigualtats	5	disparitats	4.5	inequitats	4	desproporcions	3.5	diverg�ncies	3	variacions	2.5	assimetries	2	desajustos	1.5	discrep�ncies	1	difer�ncies	0.5
mixt	5	combinat	4.5	dual	4	integrat	3.5	mesclat	3	fusi�	2.5	combinaci�	2	heterogeni	1.5	variat	1	mestissat	0.5
equilibrada	5	igualitaria	4.5	equitativa	4	justa	3.5	sim�trica	3	compartida	2.5	alternant	2						
inclusiva	5	unificadora	4.5	cohesionadora	4	acollidora	3.5	integrant	3	apropiada	2.5	amigable	2	participativa	1.5	solid�ria	1	equilibrada	0.5
gravat	5	registrat	4.5	guardat	4	conservat	3.5	arxivat	3	capturat	2.5								
processats	5	acusats formalment	4.5	denunciats judicialment	4														
tardanes	5	inoportunes	4.5	desfasades	4	a destemps	3.5	inadequades	3	impr�pies	2.5	intempestives	2	desajustades	1.5				
manipulaci�	5	utilitzaci�	4.5	explotaci�	4	control	3.5	influ�ncia	3	subordinaci�	2.5	domini	2	aprofitament	1.5	ab�s	1	maniobra	0.5
v�deo musical	5	video promocional	4.5	v�deo educatiu	4	v�deo informatiu	3.5	v�deo did�ctic	3	curtmetratge musical	2.5	v�deo explicatiu	2	material audiovisual	1.5	audiovisual formatiu	1		
descripci�	5	an�lisi	4.5	estudi	4	identificaci�	3.5	classificaci�	3	diagn�stic	2.5	investigaci�	2	exploraci�	1.5	avaluaci�	1	caracteritzament	0.5
abra�ar-se	5	estimar-se	4.5	apropar-se	4	acostar-se	3.5	fer petons	3										
afirmen	5	asseguren	4.5	afirman	4	expressen	3.5	manifesten	3	proclamen	2.5	declarin	2	sostenen	1.5	argumenten	1	insisteixen	0.5
protesta	5	concentraci�	4.5	plantada	4	sit-in	3.5	reuni� pac�fica	3	demanda col�lectiva	2.5	parada c�vica	2	acci� reivindicativa	1.5	manifestaci� silenciosa	1		
calculades	5	mesurades	4.5	determinades	4	quantificades	3.5	analitzades	3	processades	2.5	estimades	2	obtingudes	1.5	registrades	1	evaluades	0.5
gradualitat	5	increment gradual	4.5	escala progressiva	4	creixement gradual	3.5	avan� progressiu	3	desenvolupament gradual	2.5	augment progressiu	2	millora progressiva	1.5				
acompanya	5	dirigeix	4.5	orienta	4	condu�x	3.5	guia visualment	3	aconsella	2.5	assisteix	2	servei d'acompanyament	1.5				
escultor	5	modelista manual	4.5	ceramista modelador	4														
continu�	5	prosegueixi	4.5	segueixi	4	avanci	3.5	perseveri	3	mantingui	2.5	continui	2	sostingui	1.5	no s'aturi	1		
intervencions	5	intromissions	4.5	interfer�ncies	4	imposicions	3.5	manipulacions	3	influ�ncies	2.5	control	2	pressions	1.5				
dirigir	5	controlar	4.5	gestionar	4	manejar	3.5	encaminar	3	orientar	2.5	regular	2	dirigir-se	1.5	guiar	1		
propensos	5	vulnerables	4.5	exposats	4	possibles v�ctimes	3.5	potencials damnificats	3	sensibles a	2.5								
inclouen	5	s'inclouen en	4.5	s'engloben en	4														
extremismes	5	fanatismes	4.5	fundamentalismes	4	ideologies extremes	3.5	intoler�ncies radicals	3	moviments radicals	2.5	pol�tiques extremes	2	radicalismes violents	1.5	radicalitzacions ideol�giques	1	radicalitzacions extremistes	0.5
inscrits	5	registrats	4.5	censats	4	habitants	3.5	residents	3	poblaci�	2.5	ciutadans	2	ve�ns	1.5	usuaris	1	persones inscrites	0.5
expirat	5	perdut	4.5	caducat	4	finalitzat	3.5	acabat	3	terminat	2.5	sense vig�ncia	2	sense efecte	1.5				
etapes	5	fases	4.5	per�odes	4	nivells	3.5	cursos	3	nivells educatius	2.5	graus acad�mics	2	nivells d'estudis	1.5	nivells formatius	1	cicles educatius	0.5
subst�ncia glutinosa	5	glutenina	4.5	gliadina	4	cerealia	3.5	agent aglutinant	3	element celiacog�nic	2.5								
equitativa	5	igualit�ria	4.5	justa	4	equilibrada	3.5	imparcial	3	sense prejudicis	2.5	neutral	2	objectiva	1.5	impr�via	1	sense discriminaci�	0.5
inscriure	5	matricular	4.5	registrar	4	apuntar	3.5	anotar	3	ingressar	2.5	incloure	2	admetre	1.5	incorporar	1	formalitzar	0.5
central	5	principal	4.5	fonamental	4	nexe	3.5	punt clau	3	element central	2.5	eix principal	2	nucli	1.5	element unificador	1		
proves	5	dades	4.5	fets	4	informaci�	3.5	observacions	3	comprovacions	2.5	indicis	2	testimonis	1.5	investigacions	1	an�lisis	0.5
delicat	5	vulnerable	4.5	sensible	4	inestable	3.5	d�bil	3	fragilizado	2.5	emotiu	2	incert	1.5	insegur	1	temor�s	0.5
tecnologia rob�tica	5	enginyeria rob�tica	4.5	m�quines intel�ligents	4	aut�mats avan�ats	3.5	sistemes automatitzats	3	dispositius robotitzats	2.5								
governamental	5	oficial	4.5	administratiu	4	regulador	3.5	normatiu	3	legal	2.5	oficialitat	2	estatal	1.5	p�blic	1	decretal	0.5
habilidades	5	capacidades	4.5	destrezas	4	aptitudes	3.5	conocimientos	3	competencias	2.5	talentos	2	potencialidades	1.5	fortalezas	1	cualidades	0.5
persones cegues	5																		
inusual	5	excepcional	4.5	singular	4	estranya	3.5	anormal	3	diferent	2.5	poc comuna	2	extraordin�ria	1.5	poc habitual	1	peculiar	0.5
tranquil	5	calmat	4.5	ser�	4	suau	3.5	relaxat	3	apacible	2.5	senzill	2	sense complicacions	1.5	sense problemes	1	sense sobresalts	0.5
reals	5	concrets	4.5	visibles	4	palpables	3.5	evidents	3	manifests	2.5	perceptibles	2	f�sics	1.5	materials	1		
basades	5	sustentades	4.5	suportades	4	justificades	3.5	argumentades	3	definides	2.5	establertes	2	fundamentades	1.5	assentades	1	cimentades	0.5
desorientar	5	embolicar	4.5	enredar	4	enganyar	3.5	desviar	3	desconcertar	2.5	despistar	2	marejar	1.5	confondreixi	1		
terapeuta	5	consellera	4.5	orientadora	4	assessor/a emocional	3.5	psicoterapeuta	3	acompanyant emocional	2.5								
estomacals	5	g�striques	4.5	intestinals	4	aliment�ries	3.5	nutricionals	3	metab�liques	2.5	al�l�rgiques	2	endocrines	1.5	hormonals	1		
educatius	5	pedag�gics	4.5	instructius	4	formatius	3.5	ensenyament	3	did�ctica	2.5	divulgatius	2	interactius	1.5	participatius	1	din�mics	0.5
figura	5	contorn	4.5	esb�s	4	imatge	3.5	silueta humana	3	forma	2.5	ombra	2	perfil	1.5	esquema	1	dibuix	0.5
evident	5	evidentment	4.5	clar	4	clarament	3.5	evidentment	3	obvi	2.5	obviament	2	manifiest	1.5	manifiestament	1	visible	0.5
revelar	5	exposar	4.5	indicar	4	demostrar	3.5	evidenciar	3	fer evident	2.5	mostrar	2	assenyalar	1.5	deixar veure	1		
ha dit	5	ha manifestat	4.5	ha expressat	4	ha afirmat	3.5	ha exposat	3	ha comunicat	2.5	ha revelat	2	ha explicat	1.5	ha mencionat	1		
excl�s	5	marginats	4.5	a�llats	4	separats	3.5	apartats	3	discriminats	2.5	ignorats	2	desatesos	1.5	descartats	1	rebutjats	0.5
manipulaci�	5	engany	4.5	falsedat	4	exageraci�	3.5	sensacionalisme	3	ret�rica barata	2.5	propaganda	2	enganyifa	1.5	trampa verbal	1	decepci�	0.5
benefici	5	millora	4.5	avantatge	4	progr�s	3.5	�xit	3	aven�	2.5	millorament	2	rendiment	1.5	prosperitat	1	�xit	0.5
acabar�	5	finalitzar�	4.5	terminar�	4	s'acabar�	3.5	esborrar�	3	eliminar�	2.5	desapareixeran	2	cessar�	1.5	conclour�	1		
conciliar	5	harmonitzar	4.5	unir	4	coordinar	3.5	combinar	3	adaptar	2.5	ajustar	2	equilibrar	1.5	integrar	1	sincronitzar	0.5
tecnologia rob�tica	5	m�quines intel�ligents	4.5	automatitzaci�	4	enginyeria rob�tica	3.5	sistemes automatitzats	3	tecnologia aut�noma	2.5								
tractaments vegetals	5	productes agr�coles	4.5	sanitat vegetal	4														
culpen	5	acusen	4.5	inculpen	4	assenyalen	3.5	imputen	3	c�rreguen	2.5	atribueixen	2	endossen	1.5	obliguen	1	exigeixen	0.5
realitzin	5	executin	4.5	efectu�n	4	compleixin	3.5	realitzin-se	3	es realitzin	2.5	s'efectu�n	2						
converteixisme	5	propaganda	4.5	adoctrinament	4	influ�ncia	3.5	manipulaci�	3	indoctriament	2.5	incitaci�	2	ensenyament partidista	1.5	persuasi� ideol�gica	1		
correctament	5	amb efic�cia	4.5	amb �xit	4	b�	3.5	amb precisi�	3	amb rigor	2.5	amb dilig�ncia	2						
suportar	5	assistir	4.5	acompanyar	4	protegir	3.5	cuidar	3	recolzar	2.5	sostenir	2	brindar suport	1.5	donar suport	1	proporcionar ajuda	0.5
control	5	seguiment	4.5	vigil�ncia	4	orientaci�	3.5	acompanyament	3	direcci�	2.5	tutela	2	inspecci�	1.5	guiatge	1	monitoratge	0.5
concert	5	espectacle musical	4.5	recital	4	representaci� musical	3.5	�pera	3	musical	2.5	actuaci� vocal	2	performance musical	1.5	gala musical	1		
arxiu	5	dip�sit	4.5	magatzem	4	col�lecci�	3.5	recull	3	llibreria digital	2.5								
extreure	5	obtenir	4.5	aconseguir	4	adquirir	3.5	descobrir	3	deduir	2.5	inferir	2	derivar	1.5	desxifrar	1	comprendre	0.5
submergit	5	envoltat	4.5	impregnat	4	absorbit	3.5	integrat	3	enfon�at	2.5	enfonsat	2	embolicat	1.5	rodejat	1		
assigni	5	inclogui	4.5	enregistri	4	inscriu	3.5	afegir	3	unir-se a	2.5	unificar-se amb	2	integrar-se en	1.5	adherir-se a	1		
advocats	5	lletrats	4.5	jur�dics	4	experts legals	3.5	assessors jur�dics	3	jurisconsults	2.5	procuradors	2	defensors legals	1.5	consultors jur�dics	1		
introducci�	5	comen�ament	4.5	inici	4	descobriment	3.5	coneixement b�sic	3	primer contacte	2.5	familiaritzaci�	2	aprenentatge inicial	1.5	primeres passes	1		
activitats extracurriculars	5	tallers	4.5	clubs	4	cursos	3.5	activitats complement�ries	3	activitats recreatives	2.5	tallers d'aprenentatge	2	activitats educatives	1.5				
essencial	5	fonamental	4.5	crucial	4	b�sic	3.5	imprescindible	3	vital	2.5	necessari	2	important	1.5	decisiu	1	indispensable	0.5
fonamentals	5	b�siques	4.5	essencials	4	clau	3.5	primordials	3	fonamentals	2.5	vitals	2	necess�ries	1.5	indispensables	1	imprescindibles	0.5
demasiada	5	extrema	4.5	sobredimensionada	4	desmesurada	3.5	sobrerepresentada	3	exagerada	2.5	desproporcionada	2	abundant	1.5	superflua	1	innecess�ria	0.5
autodefensa	5	autoguarda	4.5	autopreservaci�	4	autotutela	3.5	autoajuda	3	autovigil�ncia	2.5	autodisciplina	2	autocura	1.5	autodefensi�	1		
considerat	5	pensat	4.5	valorat	4	analitzat	3.5	estudiat	3	examinat	2.5	ponderat	2	reflexionat	1.5	meditat	1	deliberat	0.5
confusi�	5	perplexitat	4.5	desorientaci�	4	incertesa	3.5	turbaci�	3	desordre	2.5	caos	2	embolic	1.5	enrenou	1		
concert	5	melodia	4.5	harmonia	4	composici�	3.5	obra musical	3	conjunt musical	2.5	sintonia	2	ritme	1.5	melod�a conjunta	1	acord	0.5
acabats	5	finalitzats	4.5	completats	4	tancats	3.5	acabats	3	rematats	2.5	resolts	2	concl�sos	1.5	realitzats	1	executats	0.5
enormes	5	considerables	4.5	importants	4	considerables	3.5	considerables	3	substancials	2.5	grans	2	considerables	1.5	majors	1	considerables	0.5
aconseguiment	5	adquisici�	4.5	assoliment	4	consecuci�	3.5	recepci�	3	obtenir	2.5								
rifa	5	tombola	4.5	loteria	4	sorteig p�blic	3.5	extracci� aleat�ria	3	triar al�leat�riament	2.5								
previngut	5	prudent	4.5	precavut	4	atent	3.5	moderat	3	mesurat	2.5	caute	2	vigilant	1.5	reflexiu	1	circumspecte	0.5
multiling�isme	5	poliglotisme	4.5	pluriling�itat	4	diversitat ling��stica	3.5	biling�isme m�ltiple	3	poligl�ssia	2.5	multilinguisme cultural	2						
amor	5	cari�o	4.5	ternura	4	afecto	3.5	complicidad	3	dulzura	2.5	empat�a	2	compa�erismo	1.5	intimidad	1	uni�n	0.5
refor�ar	5																		
actualitzar	5	renovar	4.5	millorar	4	transformar	3.5	modernitzar-se	3	innovar	2.5	evolucionar	2	canviar	1.5	adaptar-se	1	actualitzar-se	0.5
consci�ncia plena	5	atenci� plena	4.5	pres�ncia conscient	4	concentraci� mental	3.5	observaci� atenta	3	autoconsci�ncia	2.5	equilibri emocional	2	clarivid�ncia interior	1.5	pau interior	1		
reorganitzat	5	reestructurat	4.5	reorientat	4	redistribu�t	3.5	reajustat	3	replantejat	2.5	modificat	2	adaptat	1.5	canviat	1	ajustat	0.5
preparen	5	facilitin	4.5	fomentin	4	motivin	3.5	incentivin	3	estimulin	2.5	promoguin	2	generin	1.5	propici�n	1	impulsin	0.5
temporalitat	5	precarietat	4.5	inestabilitat	4	incertesa	3.5	transitorietat	3	efimeritat	2.5	interinitat	2	precauci�	1.5	provissionalisme	1	inseguretat	0.5
correu certificat	5	missiva oficial	4.5	comunicaci� legal	4	document notificat	3.5	enviament certificat	3	notificaci� oficial	2.5								
assignaci�	5	cobertura	4.5	ocupaci�	4	designaci�	3.5	col�locaci�	3	contractaci�	2.5	nomenament	2	selecci�	1.5	asignaci�	1	posicionament	0.5
salvatgement	5	cruelment	4.5	despietadament	4	violentament	3.5	s�dicament	3	inhumanament	2.5	despiadadament	2	ferotgement	1.5	desalmadament	1	sense pietat	0.5
lloc	5	rinc�	4.5	b�stia	4	tauleta	3.5	carpeta	3	armari	2.5	calaixera	2	cistella	1.5	caixa	1	safata	0.5
descaradament	5	obertament	4.5	desvergonyidament	4	sense vergonya	3.5	amb desconsideraci�	3	amb insol�ncia	2.5								
explica	5	descriu	4.5	relata	4	detalla	3.5	argumenta	3	explica clarament	2.5	assenyala	2	mostra	1.5	presenta	1		
problemes	5	trastorns	4.5	dificultats	4	alteracions	3.5	anomalies	3	desordres	2.5	irregularitats	2	limitacions	1.5	debilitats	1	defici�ncies	0.5
acceptava	5	reconeixia	4.5	assumia	4	tolerava	3.5	consentia	3	permetia	2.5	concordava	2	acceptava	1.5	ced�a	1	accedia	0.5
descripci�	5	qualificatiu	4.5	modificador	4	caracter�stic	3.5	classificatiu	3	descriptiu	2.5	detall	2	identificador	1.5	caracteritzador	1	definidor	0.5
torna	5	reverteix	4.5	retorna	4	reviu	3.5	recupera	3	remunta	2.5	reintrodueix	2	restaura	1.5	retrocedeix	1	reinstaura	0.5
impedir�	5	dificultar�	4.5	limitar�	4	obstaculitzar�	3.5	negar�	3	exclour�	2.5	prohibir�	2	vetar�	1.5	denegar�	1	inhabilitar�	0.5
repetitiu	5	invariable	4.5	constant	4	est�tic	3.5	tradicional	3	rutinari	2.5	mon�ton	2	estable	1.5	perseverant	1	persistent	0.5
reunint	5	agrupant	4.5	recollint	4	acumulant	3.5	compilant	3	juntant	2.5	reunint informaci�	2	recopilant dades	1.5	reunint casos	1	compilant informaci�	0.5
legalment	5	legal	4.5	judicialment	4	legalitat	3.5	llei	3	legislaci�	2.5	normativa	2	jur�dic	1.5	dret	1	legalitzat	0.5
dificultar	5	obstaculitzar	4.5	interferir	4	impedir	3.5	retardar	3	interrumpir	2.5	danyar	2	complicar	1.5	frenar	1	bloquejar	0.5
cap adjunt	5	vicecap	4.5	subordinat	4	vicegerent	3.5	subaltern	3										
beb�s	5	infants petits	4.5	criadors	4	bambins	3.5	petits infants	3	criatures joves	2.5								
resten	5	dedueixen	4.5	minven	4	disminueixen	3.5	retallen	3	disminueixen	2.5	redueixen	2	treuen	1.5	resten	1		
habilidades	5	capacidades	4.5	destrezas	4	aptitudes	3.5	conocimientos	3	desempe�o	2.5	dominio	2	competencias clave	1.5	habilidad pr�ctica	1	saber hacer	0.5
incompleix	5	transgredeix	4.5	desobeix	4	infringeix	3.5	contrav�	3	maltracta	2.5	desat�n	2	no respecta	1.5	viola	1		
r�pidament	5	sense dificultat	4.5	amb facilitat	4	sense esfor�	3.5	sense complicacions	3	amb comoditat	2.5	amb agilitat	2	amb rapidesa	1.5				
multiling�e	5	poliglota	4.5	multilinguisme	4	ling��sticament diversa	3.5	pol�glota	3	plurilinguisme	2.5								
detalls	5	concrecions	4.5	particularitats	4	caracter�stiques	3.5	detalls espec�fics	3	peculiaritats	2.5	especificacions	2	detalls concrets	1.5	elements particulars	1	aspectes espec�fics	0.5
compartir	5	transmitir	4.5	divulgar	4	ensenyar	3.5	intercambiar	3	propagar	2.5	difondre	2	comunicar	1.5	inculcar	1	implantar	0.5
desavantatges	5	problemes	4.5	perills	4	desavantatges	3.5	contratemps	3	obstacles	2.5	dificultats	2	incomoditats	1.5	traves	1		
homicidis masclistes	5	crims sexistes	4.5	assassinats mis�gins	4	femicidis	3.5	homicides patriarcals	3	feminicides	2.5	assassinats sexistes	2						
raonament	5	justificaci�	4.5	explicaci�	4	motiu	3.5	fonament	3	ra�	2.5	argument	2	defensa	1.5	suport	1	prova	0.5
tir aro	5	joc d'aro	4.5	b�squet d'aro	4														
esquerdalls	5	fragments	4.5	trossos	4	bales	3.5	esquitxades	3	pedres	2.5	escombraries	2	xarxes met�l�liques	1.5	restes	1	desfets	0.5
aliat	5	unit	4.5	col�laborat	4	coordinat	3.5	treballat conjuntament	3	acordat	2.5	coalitzat	2	comprom�s	1.5	associat	1	confederat	0.5
nutritius	5	beneficiosos	4.5	saludables	4	activos	3.5	fortificats	3	enriquits	2.5	funcionals	2	especials	1.5	potents	1	actius	0.5
cancel�lat	5	eliminat	4.5	invalidat	4	suprimit	3.5	desfet	3	esborrat	2.5	retirat	2	abolit	1.5	revocat	1		
impressionant	5	brillant	4.5	destacada	4	excel�lent	3.5	instru�tiva	3	memoritzable	2.5	memorable	2	notable	1.5	remarcable	1	sobresaliente	0.5
import�ncia	5	significaci�	4.5	relev�ncia	4	impacte	3.5	gravetat	3	conseq��ncies	2.5	implicacions	2	trascend�ncia	1.5	ponderaci�	1	rellev�ncia	0.5
reaccions al�l�rgiques	5	sensibilitats aliment�ries	4.5	alergies aliment�ries	4	intoler�ncies aliment�ries	3.5	hipersensibilitats digestives	3	problemes digestius	2.5	trastorns digestius	2						
pintats	5	representats	4.5	il�lustrats	4	tra�ats	3.5	esbossats	3	retrats	2.5	plasmats	2	delineats	1.5	esquematitzats	1		
habilitat	5	destresa	4.5	compet�ncia	4	talent	3.5	capacitat	3	t�cnica	2.5	domini	2	destresa	1.5	qualitat	1	per�cia	0.5
justifica	5	argumenta	4.5	sustenta	4	avalua	3.5	explica	3	raona	2.5	motiva	2	demostra	1.5	defensa	1	apoya	0.5
baixa inversi�	5	finan�ament insuficient	4.5	inversi� limitada	4	finan�ament precari	3.5	subfinan�ament	3										
polititzament	5	partidisme	4.5	ideologitzaci�	4	manipulaci� pol�tica	3.5	tendenciositat	3	influ�ncia pol�tica	2.5	orientaci� ideol�gica	2	c�lcul pol�tic	1.5	interessos partidistes	1	pol�tica partidista	0.5
cambrer	5	mix�leg	4.5	barman	4	cocteler	3.5												
prohibici�	5	restricci�	4.5	veto	4	limitaci�	3.5	vetllament	3	impediment	2.5	inhabilitaci�	2	exclusi�	1.5	infracci�	1	censura	0.5
sense cost	5	lliurement	4.5	gratis	4	sense despeses	3.5	compliment gratis	3										
bullying	5	intimidaci�	4.5	acosament	4	hostigamiento	3.5	ab�s	3	agresi�	2.5	viol�ncia	2	coacci�	1.5	pressi�	1	maltractament	0.5
taula interactiva	5	pantalla digital	4.5	superf�cie electr�nica	4	ll�pis virtual	3.5	pissarra intel�ligent	3	tauler digital	2.5	pissarra electr�nica	2	tauleta digitalitzadora	1.5	quadern electr�nic	1		
contingut	5	mat�ria	4.5	programa	4	continguts fonamentals	3.5	temes	3	contingut b�sic	2.5	coneixements essencials	2	contingut principal	1.5	contingut central	1	contingut fonamental	0.5
clarament	5	obertament	4.5	sense embuts	4	sense rodeigs	3.5	amb claredat	3										
coets	5	focs artificials	4.5	pirot�cnia	4	trons	3.5	bombetes	3	petardos	2.5	cohetes	2	bum-bums	1.5	voladors	1	polvorins	0.5
deteriora	5	desgasta	4.5	minva	4	debilita	3.5	corroeix	3	afecta negativament	2.5	empitjora	2	desestabilitza	1.5	perjudica	1	danya	0.5
inocular	5	immunizar	4.5	protegir	4	prevenir	3.5	inmunizar	3	administrar vacunes	2.5	vacunaci�	2	immunoter�pia	1.5	tractament preventiu	1		
inscrits	5	registrats	4.5	censats	4	domiciliats	3.5	residents	3	habitants	2.5	adscrits	2	afiliats	1.5	poblaci� local	1	ciutadans	0.5
etapa decisiva	5	fase eliminatoria	4.5	partits decisius	4	eliminacions	3.5	ronda final	3	etapa d'eliminaci�	2.5	ronda decisiva	2	fase final	1.5				
inaccessible	5	inviable	4.5	impossible	4	intransitable	3.5	inutilitzable	3	no funcional	2.5	no viable	2	no accessible	1.5	no disponible	1		
submergir-se	5	immergir-se	4.5	introduir-se	4	enfonsar-se	3.5	integrar-se	3	involucrar-se	2.5	absorbir-se	2	adentrar-se	1.5	familiaritzar-se	1	intercanviar experi�ncies	0.5
consum	5	ingesti�	4.5	absorci�	4	presa	3.5	ingesti�	3	ingurgitaci�	2.5	menjar	2	alimentaci�	1.5	degluci�	1	nutrici�	0.5
afecti	5	incideixi	4.5	causi conseq��ncies	4	provocar	3.5	influenci�	3	implicar	2.5								
ensenyament	5	metodologia	4.5	pedagogia	4	t�cniques d'ensenyament	3.5	estrat�gies d'aprenentatge	3	formaci� docent	2.5	m�todes d'instrucci�	2						
destrossar	5	esquin�ar	4.5	trencar	4	desgarrar	3.5	fer malb�	3	danyar	2.5	rasgar	2	esquin�olar	1.5	desfermar	1	fer peda�os	0.5
diversitat	5	variabilitat	4.5	multiculturalitat	4	varietat	3.5	mescla	3	heterogenia	2.5	disparitat	2	difer�ncia	1.5	pluralitat	1	mixtura	0.5
excl�s	5	rebutjat	4.5	eliminat	4	ignorat	3.5	obviat	3	exclosos	2.5	desestimat	2	no considerat	1.5	no contemplat	1		
sexista	5	desigual	4.5	excludent	4	prejudicial	3.5	injust	3	parcial	2.5	ofensiu	2	desfavorable	1.5	perjudicador	1	discriminador	0.5
identitari	5	cultural	4.5	nacional	4	comunitari	3.5	tradicional	3	propi	2.5	caracter�stic	2	distintiu	1.5	representatiu	1	aut�cton	0.5
cegat	5	sense visi�	4.5	no veu	4	cego/a	3.5												
publicat	5	divulgat	4.5	transm�s	4	comunicat	3.5	anunciat	3	fet p�blic	2.5	exposat	2	distribu�t	1.5	propagat	1	divulgat	0.5
manipulades	5	alterades	4.5	distorsionades	4	enganyoses	3.5	falses	3	fraudulentes	2.5	trucades	2	tergiversades	1.5	maquillades	1	desvirtuades	0.5
estigmatitzaci�	5	demonitzaci�	4.5	culpabilitzaci�	4	criminalitzament	3.5	difamaci�	3	desprestigi	2.5	acusaci�	2	c�rrega negativa	1.5	estereotipaci�	1	judici	0.5
de sabadell	5	sabadell�	4.5																
avan�	5	evoluci�	4.5	desenvolupament	4	creixement	3.5	expansi�	3	desenvolupament continu	2.5	augment gradual	2						
dividit	5	separar	4.5	classificar	4	organitzat	3.5	delimitat	3	segmentat	2.5	particionat	2	compartimentat	1.5	distribu�t	1	subdividit	0.5
acceptaci�	5	compr�n	4.5	conviv�ncia	4	empatia	3.5	respecte	3	inclusi�	2.5	coexist�ncia	2	diversitat	1.5	conviv�ncia pac�fica	1		
crids	5	esl�gans	4.5	consignes	4	lemes	3.5	demandes	3	reivindicacions	2.5	peticions	2	exig�ncies	1.5	reclamacions	1	propostes	0.5
treball conjunt	5	cooperaci�	4.5	alian�a	4	associaci�	3.5	participaci� conjunta	3	sin�rgia	2.5	combinaci� d'esfor�os	2	coordinaci�	1.5	suport mutu	1		
intentar�	5	buscar�	4.5	esfor�ar�	4	treballar�	3.5	posar� esfor�os	3	dedicar� esfor�os	2.5	emprar� recursos	2	aplicar� mesures	1.5	implementar� accions	1	realitzar� esfor�os	0.5
guia	5	acompanyant	4.5	assist�ncia	4	ajuda	3.5	companys	3	col�laborador	2.5	suport	2	protector	1.5	amic fidel	1	cuidador	0.5
sans	5	saludables	4.5	beneficiosos	4	higi�nicos	3.5	seguros	3	no t�xics	2.5	naturales	2	sostenibles	1.5	puros	1	inocuos	0.5
dependent	5	condicionada	4.5	subordinada	4	sotmesa	3.5	relacionada	3	lligada	2.5	vinculada	2	connectada	1.5	depenent	1	subjecta	0.5
interfereixeu	5	interveniu	4.5	manipuleu	4	altereu	3.5	modifiqueu	3	pertorbeu	2.5	interrumpeu	2	influiu	1.5	afecteu	1	tocqueu	0.5
autoconsci�ncia	5	coneixement personal	4.5	autoexploraci�	4	descobriment personal	3.5	introspecci�	3	autoan�lisi	2.5	reflexi� interna	2						
suporta	5	fonamenta	4.5	justifica	4	avala	3.5	corrobora	3	refor�a	2.5	substancia	2	prova	1.5	demostra	1	confirma	0.5
eliminar	5	suprimir	4.5	erradicar	4	abolir	3.5	extirpar	3	exterminar	2.5	aniquilar	2	destruir	1.5				
r�pidament	5	aviat	4.5	tempranament	4	amb antelaci�	3.5	pr�viament	3	a temps	2.5	amb celeritat	2						
potencial	5	hipot�tica	4.5	te�ricament	4	estimada	3.5	prevista	3	calculada	2.5	aproximada	2	suposada	1.5	esperada	1		
privacitat	5	confidencialitat	4.5	secret	4	reserva	3.5	intimitat	3	silenci	2.5	prud�ncia	2	cautela	1.5	sigil�laci�	1	confian�a	0.5
desconnectats	5	desvinculats	4.5	separats	4	a�llats	3.5	desenlla�ats	3	dispersos	2.5	disgregats	2	desordenats	1.5	desorganitzats	1	sense relaci�	0.5
desprotecci�	5	vulnerabilitat	4.5	exposici�	4	risc	3.5	desamparament	3	inseguretat	2.5	incertesa	2	fragilitat	1.5	desconhort	1	perill	0.5
relacionals	5	socials	4.5	humanes	4	personals	3.5	comunicatives	3	intercanviades	2.5	connectives	2	emocionals	1.5	col�laboratives	1	interactives	0.5
il�legal	5	anticonstitucional	4.5	inajustable	4	irregular	3.5												
sigui	5	esdevinga	4.5	succeeixi	4	s'aconsegueixi	3.5	torni-se	3	transformi-se en	2.5	resulti ser	2						
comprovacions	5	proves	4.5	evid�ncies	4	dades	3.5	fets	3	verificacions	2.5	confirmacions	2	demostracions	1.5	constatacions emp�riques	1	observacions	0.5
ampliades	5	integrals	4.5	completes	4	englobants	3.5	inclussives	3	tot incl�s	2.5	envolventes	2	abastadores	1.5	universals	1	hol�stiques	0.5
competici�	5	concurs	4.5	campionat	4	desafiament	3.5	enfrontament	3	batalla	2.5	lluita	2	prova	1.5	joc	1	repte	0.5
podies tenir	5	podries obtenir	4.5	podries aconseguir	4	podries assolir	3.5												
arriscades	5	audaces	4.5	innovadores	4	atrevides	3.5	valentes	3	ambicioses	2.5	revolucion�ries	2	desafiantes	1.5	imaginatives	1	creatives	0.5
conscienciar	5	informar	4.5	educar	4	sensibilitzar-se	3.5	fer conscient	3	fer entendre	2.5	fomentar l'empatia	2						
obligades	5	empeses	4.5	for�ades	4	coaccionades	3.5	pressionades	3	incitades	2.5	indu�des	2	condu�des	1.5	empentades	1	instigades	0.5
acad�mics	5	escolars	4.5	did�ctics	4	program�tics	3.5	pedag�gics	3	formatius	2.5	educatius	2	instructius	1.5	docents	1	ensenyament	0.5
espai	5	opci�	4.5	quadre	4	secci�	3.5	recuadre	3	apartat	2.5	marcador	2	alternativa	1.5	compartiment	1	divisi�	0.5
exclusius	5	discriminat�ris	4.5	sectaris	4	intolerants	3.5	partidistes	3	limitadors	2.5	restringents	2	dogm�tics	1.5	prejudicis	1		
