obligatoriamente	5	inevitablemente	4.5	forzosamente	4	indispensablemente	3.5	imprescindiblemente	3	ineludiblemente	2.5	irremediablemente	2	requeridamente	1.5	imperativamente	1		
historial	5	registro	4.5	pasado	4	trayectoria	3.5	expediente	3	historial crediticio	2.5	r�cord financiero	2	perfil financiero	1.5				
leyes	5	normas	4.5	regulaciones	4	marco legal	3.5	jurisdicci�n	3	estatutos	2.5	c�digo legal	2	legislaci�n vigente	1.5	reglamentos	1	directrices legales	0.5
mencionado	5	citado	4.5	referido	4	se�alado	3.5	aludido anteriormente	3	previamente mencionado	2.5	ya mencionado	2	nombrado	1.5				
cuantificable	5	valorable	4.5	monetizable	4	evaluable	3.5	mensurable	3	contabilizable	2.5	cuantificativo	2						
necesarios	5	obligatorios	4.5	esenciales	4	fundamentales	3.5	requisitos	3	imprescindibles	2.5	indispensables	2	vitales	1.5	cruciales	1	b�sicos	0.5
esenciales	5	b�sicas	4.5	vitales	4	primordiales	3.5	clave	3	importantes	2.5	necesarias	2	imprescindibles	1.5	cruciales	1	fundamentadoras	0.5
consecuencia	5	producto	4.5	efecto	4	consecuente	3.5	resultado	3	fruto	2.5	desenlace	2	secuela	1.5	derivaci�n	1	repercusi�n	0.5
ganancias	5	utilidades	4.5	beneficios	4	ingresos	3.5	rendimiento	3	rentas	2.5	lucro	2	productividad	1.5	eficacia	1	viabilidad	0.5
tambi�n	5	adem�s	4.5	asimismo	4	igualmente bien	3.5	por igual	3										
extra�o	5	raro	4.5	an�malo	4	diferente	3.5	poco com�n	3	at�pico	2.5	ins�lito	2	sorprendente	1.5	desacostumbrado	1	excepcional	0.5
pagado	5	retribuido	4.5	compensado	4	remunerado	3.5	rentable	3	lucrativo	2.5	beneficioso	2	provechoso	1.5	productivo	1	rentabilizable	0.5
evidentes	5	claros	4.5	notorios	4	evidenciables	3.5	patentes	3	manifiestos	2.5	palpables	2	visibles	1.5	comprensibles	1	indiscutibles	0.5
autos	5	coches	4.5	autom�viles	4	carros	3.5	veh�culos nuevos	3	transportes	2.5	unidades motorizadas	2	automotores	1.5				
prestamista	5	deudor	4.5	cobrador	4	entidad financiera	3.5	instituci�n crediticia	3	banco	2.5	financiador	2	acreedor hipotecario	1.5				
usan	5	emplean	4.5	recurren a	4	aplican	3.5	manejan	3	operan con	2.5								
uso	5	empleo	4.5	aprovechamiento	4	aplicaci�n	3.5	explotaci�n	3	disfrute	2.5	manejo	2	consumo	1.5	pr�stamo	1		
enga�osa	5	malintencionada	4.5	deshonesta	4	corrupta	3.5	falsa	3	delictiva	2.5	il�cita	2	tramposa	1.5	enga�osa	1		
rapidez	5	velocidad	4.5	prontitud	4	agilidad	3.5	premura	3	ligereza	2.5	eficiencia	2	eficacia	1.5	dinamismo	1	aceleraci�n	0.5
aproximado	5	aproximaci�n	4.5	estimaci�n	4	c�lculo	3.5	valor aproximado	3	presupuesto	2.5	estimaci�n aproximada	2	valor estimado	1.5	proyecci�n	1	suposici�n	0.5
incluido	5	agregado	4.5	sumado	4	integrado	3.5	a�adido	3	unido	2.5	fusionado	2	amalgamado	1.5	mezclado	1		
revisar	5	comprobar	4.5	confirmar	4	inspeccionar	3.5	chequear	3	analizar	2.5	revisar detalladamente	2	examinar	1.5	verificar minuciosamente	1	evaluar	0.5
retiro	5	pensi�n	4.5	vejez	4	descanso	3.5	cesant�a	3	edad dorada	2.5	tercera edad	2	jubileo	1.5	tiempo libre	1		
calcula	5	estima	4.5	determina	4	eval�a	3.5	procesa	3	genera	2.5	obtiene	2	suma	1.5				
tambi�n	5	igualmente	4.5	asimismo	4	por a�adidura	3.5	encima	3	adicionalmente	2.5								
n�meros	5	datos	4.5	cantidad	4	monto	3.5	estad�sticas	3	resultados	2.5	cifras financieras	2	valores	1.5	d�gitos	1	informaci�n num�rica	0.5
ganancia	5	beneficio	4.5	lucro	4	rendimiento	3.5	rentabilidad	3	ingresos netos	2.5	ganancia neta	2	resultado financiero	1.5				
se llama	5	es llamado	4.5																
mencionan	5	aluden	4.5	refieren	4	se�alan	3.5	apuntan	3	mencionan	2.5	comentan	2	destacan	1.5	aluden a	1		
peque�as	5	insignificantes	4.5	triviales	4	menores	3.5	superfluas	3	secundarias	2.5	banales	2	sin importancia	1.5	irrelevantes	1	minucias	0.5
retrasar	5	posponer	4.5	aplazar	4	dilatar	3.5	demorar	3	prorrogar	2.5	diferir	2	suspender	1.5	esperar	1		
gastos	5	salidas	4.5	desembolsos	4	pagos	3.5	costos	3	desembolsos	2.5	despilfarros	2	p�rdidas financieras	1.5				
sucede	5	pasa	4.5	acaece	4	sucede	3.5	acontece	3	se presenta	2.5	tiene lugar	2	se produce	1.5	se da	1	ocasiona	0.5
importante	5	esencial	4.5	fundamental	4	relevante	3.5	significativa	3	primordial	2.5	principal	2	vital	1.5	crucial	1	trascendental	0.5
persona	5	ser humano	4.5	sujeto	4	miembro	3.5	ente	3	ser	2.5	humano	2	ciudadano	1.5	habitante	1		
inaccesible	5	indestructible	4.5	invulnerable	4	inviolable	3.5	incorruptible	3	seguro	2.5	protegido	2	resistente	1.5	inmune	1		
situaci�n	5	momento	4.5	circunstancia	4	ocasi�n	3.5	evento	3	contexto	2.5	escenario	2	conjuntura	1.5	condici�n	1	estado	0.5
ganancias	5	beneficios	4.5	utilidades	4	rentabilidad	3.5	ingresos	3	ganancias netas	2.5	retornos	2	dividendos	1.5	frutos	1	lucros	0.5
destacan	5	subrayan	4.5	acent�an	4	resaltan	3.5	enfatizan en	3	priorizan	2.5								
eficiente	5	eficaz	4.5	adecuada	4	ideal	3.5	perfecta	3	excelente	2.5	sobresaliente	2	impecable	1.5	�ptimo rendimiento	1	m�ximo desempe�o	0.5
econ�micos	5	monetarios	4.5	presupuestarios	4	pecuniarios	3.5	fiscales	3	poder adquisitivo	2.5	recursos econ�micos	2	capacidad financiera	1.5	solvencia econ�mica	1	fondos disponibles	0.5
necesarios	5	indispensables	4.5	vitales	4	fundamentales	3.5	b�sicos	3	imprescindibles	2.5	requeridos	2	obligatorios	1.5	primordiales	1	cruciales	0.5
cancela	5	anula	4.5	termina	4	satisface	3.5	paga	3	liquida	2.5	elimina	2	suprime	1.5	desaparece	1	acaba	0.5
incluye	5	contiene	4.5	implica	4	comprende	3.5	engloba	3	requiere	2.5	incorpora	2	encierra	1.5	abarca	1	considera	0.5
vendedores	5	proveedores	4.5	comerciantes	4	productores	3.5	distribuidores	3	suministradores	2.5	fabricantes	2	ofertantes	1.5	empresarios	1	comerciantes minoristas	0.5
v�nculo	5	conexi�n	4.5	lazo	4	relaci�n	3.5	enlace	3	uni�n	2.5	uni�n social	2	cohesi�n	1.5	solidaridad	1	comunidad	0.5
retrasa	5	reduce	4.5	frena	4	disminuye	3.5	limita	3	ralentiza	2.5	afecta negativamente	2	restringe	1.5	obstaculiza	1	inhibe	0.5
recoge	5	obtienen	4.5	cobran	4	aportan	3.5	generan	3	adquieren	2.5	captan	2	perciben	1.5	ingresan	1	reciben	0.5
felizmente	5	alegremente	4.5	dichosamente	4	con suerte	3.5	por suerte	3	bendecidamente	2.5	con fortuna	2	por fortuna	1.5				
f�cil	5	simple	4.5	pr�ctico	4	c�modo	3.5	r�pido	3	conveniente	2.5	directo	2	sin complicaciones	1.5	sin esfuerzo	1	accesible	0.5
p�blico	5	espectadores	4.5	asistentes	4	concurrido	3.5	receptores	3	participantes	2.5	observadores	2	audiencia presente	1.5	oyentes	1	seguidores	0.5
produce	5	obtiene	4.5	logra	4	alcanza	3.5	consigue	3	gana	2.5	obtiene beneficios	2	crea	1.5	aporta	1	rinde	0.5
entregar�	5	emitir�	4.5	facilitar�	4	brindar�	3.5	suministrar�	3	generar�	2.5	mostrar�	2	presentar�	1.5	ofrecer�	1	har� disponible	0.5
inicios	5	or�genes	4.5	principios	4	etapas iniciales	3.5	comienzos tempranos	3	fases iniciales	2.5	primeros pasos	2	inicios modestos	1.5	nacimiento	1		
planifican	5	anticipan	4.5	consideran	4	preparan	3.5	estiman	3	proyectan	2.5	contemplan	2	calculan	1.5	aseguran	1	reservan	0.5
asust�	5	atemoric�	4.5	espant�	4	sobresalt�	3.5	escandalic�	3	aterr�	2.5	impresion� negativamente	2	sorprend� desagradablemente	1.5	caus� pavor	1	provoc� repulsi�n	0.5
beneficia	5	ayuda	4.5	promueve	4	impulsa	3.5	facilita	3	mejora	2.5	fortalece	2	contribuye	1.5	propicia	1	estimula	0.5
necesario	5	fundamental	4.5	indispensable	4	obligatorio	3.5	crucial	3	vital	2.5	requerido	2	esencial	1.5	imperativo	1	impostergable	0.5
adicional	5	suplementario	4.5	secundario	4	complemento	3.5	a�adido	3	extra	2.5	reforzado	2	ampliado	1.5	complementador	1		
amortizaciones	5	desgaste	4.5	agotamiento	4	degradaci�n	3.5	deterioro	3	obsolescencia	2.5	desvalorizaci�n	2						
niveles	5	categor�as	4.5	clases	4	grupos	3.5	segmentos	3	niveles socioecon�micos	2.5	rangos sociales	2	divisiones sociales	1.5	capas sociales	1		
encarecimiento generalizado	5																		
var�a	5	cambia	4.5	oscila	4	se mueve	3.5	se altera	3	se modifica	2.5	se transforma	2	se ajusta	1.5	se desplaza	1	se balancea	0.5
tarifas	5	costos	4.5	precios	4	honorarios	3.5	cuotas	3	tasas	2.5	c�nones	2	derechos	1.5	contribuciones	1	impuestos	0.5
despu�s	5	a continuaci�n	4.5	seguidamente	4	posteriormente	3.5	m�s tarde	3	acto seguido	2.5	tras esto	2						
coche	5	auto	4.5	carro	4	autom�vil	3.5	transporte personal	3	automotor	2.5								
pagar	5	saldar	4.5	cumplir	4	afrontar	3.5	liquidar	3	salvar	2.5	resolver	2	atender	1.5	garantizar	1	asegurar	0.5
realizarse	5	concretarse	4.5	implementarse	4	desarrollarse	3.5	materializarse	3	efectuarse	2.5	hacerse realidad	2						
factorizaci�n	5																		
verificar	5	analizar	4.5	evaluar	4	examinar	3.5	estudiar	3	comprobar	2.5	investigar	2	monitorear	1.5	seguir	1	controlar	0.5
distribuci�n	5	reparto	4.5	utilizaci�n	4	gesti�n	3.5	organizaci�n	3	aprovechamiento	2.5	destinaci�n	2	disposici�n	1.5	administraci�n	1		
peleas	5	discusiones	4.5	controversias	4	desacuerdos	3.5	ri�as	3	discrepancias	2.5	enfrentamientos	2	tensiones	1.5	problemas	1	conflictos	0.5
considerados	5	incluidos	4.5	contemplados	4	establecidos	3.5	determinados	3	especificados	2.5	se�alados	2	estipulados	1.5	definidos	1		
herramienta	5	medio	4.5	recurso	4	mecanismo	3.5	m�todo	3	dispositivo	2.5	artilugio	2	utensilio	1.5	implemento	1	artefacto	0.5
hac�an	5	fabricaban	4.5	elaboraban	4	creaban	3.5	constru�an	3	realizaban	2.5	preparaban	2	produc�an	1.5	formaban	1	modelaban	0.5
pregunta	5	cuesti�n	4.5	duda	4	inc�gnita	3.5	inquietud	3	problema	2.5	consulta	2	indagaci�n	1.5	investigaci�n	1	curiosidad	0.5
cantidad	5	cantidad mayor	4.5	cantidad adicional	4	cantidad extra	3.5	cifra	3	volumen	2.5	total	2	suma	1.5	capacidad	1	cantidad ampliada	0.5
poner	5	establecer	4.5	incluir	4	asignar	3.5	fijar	3	organizar	2.5	determinar	2	ubicar	1.5	depositar	1	acomodar	0.5
generan	5	implican	4.5	conllevan	4	traen consigo	3.5	provocan	3	ocasionan	2.5	causan	2	originan	1.5				
prestamistas	5	entidades financieras	4.5	bancos	4	financiadores	3.5	inversionistas	3	acreedores financieros	2.5								
pide	5	requiere	4.5	pide prestado	4	retira	3.5	obtiene	3	adquiere	2.5	reclama	2	gestiona	1.5	consigue	1		
dominantes	5	imperiosas	4.5	prioritarias	4	urgentes	3.5	fundamentales	3	esenciales	2.5	primordiales	2	inmediatas	1.5	cruciales	1	vitales	0.5
necesita	5	demanda	4.5	reclama	4	exige	3.5	precisa	3	obliga	2.5	implica	2	supone	1.5	requiere de	1	conlleva	0.5
productos	5	art�culos	4.5	bienes	4	objetos	3.5	art�culos comerciales	3	materiales	2.5	provisiones	2	suministros	1.5				
surgen	5	aparecen	4.5	generan	4	provocan	3.5	ocurren	3	originan	2.5	causan	2	motivan	1.5	despiertan	1	plantean	0.5
pago	5	cancelaci�n	4.5	reducci�n	4	devoluci�n	3.5	abono	3	liquidaci�n	2.5	reembolso	2	desembolso	1.5	extinci�n	1	disminuci�n	0.5
acciones	5	inversiones	4.5	financiero	4	transacciones	3.5	valores mobiliarios	3	negocios financieros	2.5	operaciones burs�tiles	2						
ajustarnos	5	adaptarnos	4.5	limitarnos	4	conformarnos	3.5	acatar	3	seguir	2.5	cumplir	2	respetar	1.5	sujetarnos	1	apegarnos	0.5
reparte	5	distribuye	4.5	comparte	4	asigna	3.5	entrega	3	separa	2.5	parte	2	repartici�n	1.5	partici�n	1	porci�n	0.5
incluye	5	engloba	4.5	contiene	4	abarca	3.5	implica	3	consiste en	2.5	cubre	2	incorpora	1.5				
esperados	5	conocidos	4.5	anticipados	4	planificados	3.5	habitualmente	3	frecuentes	2.5	regulares	2	comunes	1.5	habitualmente	1	rutinarios	0.5
cuotas	5	pagos mensuales	4.5	financiamiento	4	abonos	3.5	mensualidades	3	fraccionamiento	2.5	parcelas	2	cuotas fijas	1.5				
habilidad	5	talento	4.5	capacidad	4	destreza	3.5	aptitud	3	competencia	2.5	facultad	2	fortaleza	1.5	recurso	1	potencialidad	0.5
aumentar	5	elevar	4.5	subir	4	mejorar	3.5	ampliar	3	potenciar	2.5	impulsar	2	fortalecer	1.5	optimizar	1	intensificar	0.5
deudores	5	acreditados	4.5	prestatarios potenciales	4														
reducci�n	5	baja	4.5	descenso	4	merma	3.5	decremento	3	menor cantidad	2.5	ca�da	2	p�rdida	1.5	menos	1		
quiebra	5	insolvencia	4.5	ruina financiera	4	deuda insostenible	3.5	colapso econ�mico	3	desastre financiero	2.5	crisis monetaria	2	ruina econ�mica	1.5				
fuerte	5	firme	4.5	decidida	4	s�lida	3.5	robusta	3	vigorosa	2.5	tenaz	2	resuelta	1.5	valiente	1	audaz	0.5
incumplimientos	5	irregularidades	4.5	fallos	4	desajustes	3.5	incongruencias	3	divergencias	2.5	anomal�as	2	contratiempos	1.5				
se llaman	5	son llamados	4.5	son nombrados	4														
cocinas	5	hornos	4.5	fogones	4	anafes	3.5	quemadores	3	parrillas	2.5	estufas el�ctricas	2	cocinetas	1.5				
ajustarse	5	seguir	4.5	cumplir	4	respetar	3.5	adherirse	3	acatar	2.5	obedecer	2	conformarse	1.5	adaptarse	1	sujetarse	0.5
monto	5	cantidad	4.5	valor	4	suma	3.5	importe	3	pago	2.5	contribuci�n	2	prima	1.5	costo	1	asignaci�n	0.5
administrar	5	manejar	4.5	controlar	4	organizar	3.5	dirigir	3	supervisar	2.5	regular	2	coordinar	1.5	planificar	1	gerenciar	0.5
verificar	5	comprobar	4.5	contrastar	4	confirmar	3.5	revisar	3	autenticar	2.5	validar	2	constatar	1.5	asegurar	1	corroborar	0.5
financieros	5	econ�micos	4.5	dinero	4	efectivo	3.5	ingresos	3	ganancias	2.5	inversi�n	2	recursos monetarios	1.5	beneficios	1		
utilizan	5	usan	4.5	aplican	4	implementan	3.5	utilizan	3	recurren a	2.5	adoptan	2						
normativas	5	regulaciones	4.5	directrices	4	instrucciones	3.5	estipulaciones	3	mandatos	2.5	cl�usulas	2	preceptos	1.5	requisitos	1	lineamientos	0.5
�nicamente	5	exclusivamente	4.5	s�lo	4	simplemente	3.5	meramente	3	tan solo	2.5	solamente si	2						
realizaci�n	5	implementaci�n	4.5	aplicaci�n	4	despliegue	3.5	activaci�n	3	funcionamiento	2.5	desarrollo	2						
malintencionadas	5	enga�osas	4.5	fraudulentas	4	deshonestas	3.5	sin escr�pulos	3	abusivas	2.5	tramposas	2	astutas	1.5	falsas	1	enga�adoras	0.5
actualizar	5	seguir	4.5	conocer	4	adaptarme	3.5	mantenerme informado	3	sintonizar	2.5								
coche	5	veh�culo	4.5	auto	4	carro	3.5	autom�vil moderno	3	autom�vil reciente	2.5	veh�culo motorizado	2	transporte personal	1.5				
malgasto	5	derroche	4.5	desperdicio	4	exceso	3.5	ineficiencia	3	desaprovechamiento	2.5	dilapidaci�n	2	p�rdida	1.5	desuso	1	desperdicio	0.5
sacerdotes	5	religiosos	4.5	ministros	4	cura	3.5	obispos	3	monjes	2.5	frailes	2	padres	1.5	hermanos religiosos	1	clericato	0.5
ense�abilidad	5	aprendibilidad	4.5	capacitaci�n	4	instrucci�n	3.5	formaci�n	3	entendimiento	2.5	desarrollo educativo	2	alfabetizaci�n financiera	1.5	conciencia fiscal	1		
aumentado	5	crecido	4.5	mejorado	4	elevado	3.5	ampliado	3	fortalecido	2.5	desarrollado	2	potenciado	1.5	enriquecido	1	aumentado	0.5
producir	5	crear	4.5	fabricar	4	elaborar	3.5	originar	3	formar	2.5	construir	2	manufacturar	1.5	engendrar	1	desarrollar	0.5
aumentos	5	crecimientos	4.5	mejoras	4	avances	3.5	progresos	3	desarrollos	2.5	impulsos	2	alzas	1.5	incrementaciones	1	ampliaciones	0.5
devoluci�n	5	reintegro	4.5	restituci�n	4	compensaci�n	3.5	recuperaci�n	3	retorno	2.5	compensaci�n financiera	2						
necesaria	5	obligatoria	4.5	esencial	4	indispensable	3.5	imprescindible	3	fundamental	2.5	requerimiento	2	demanda	1.5	necesidad	1	presupuestada	0.5
pago	5	remuneraci�n	4.5	compensaci�n	4	retribuci�n	3.5	salario	3	honorario	2.5	ganancia	2	emolumento	1.5	beneficio	1	compensaci�n econ�mica	0.5
personas	5	seres humanos	4.5	ciudadanos	4	habitantes	3.5	sujetos	3	individuos sociales	2.5	actores econ�micos	2	agentes econ�micos	1.5	personas naturales	1		
radica	5	se basa	4.5	consiste	4	depende	3.5	se fundamenta	3	se sustenta	2.5	se apoya	2	se cimienta	1.5	descansa	1		
primer pago	5	dep�sito inicial	4.5	entrada	4	anticipo	3.5	comienzo	3	primera cuota	2.5	inversi�n inicial	2	monto inicial	1.5				
aterrador	5	escalofriante	4.5	terror�fico	4	inquietante	3.5	perturbador	3	angustiante	2.5	sobrecogedor	2	estremecedor	1.5	horripilante	1	pavoroso	0.5
afecta	5	involucra	4.5	interesa	4	relaciona	3.5	implica	3	ata�e	2.5	corresponde	2	incumbe	1.5	pertenece	1		
observa	5	comprende	4.5	identifica	4	entiende	3.5	reconoce	3	nota	2.5	capta	2	aprecia	1.5	discierne	1		
gastar	5	malgastar	4.5	derrochar	4	dilapidar	3.5	desperdiciar	3	desembolsar	2.5								
recompensa	5	placer	4.5	satisfacci�n	4	beneficio	3.5	premio	3	goce	2.5	gana	2	ganancia	1.5	contento	1	alegr�a	0.5
importancia	5	relevancia	4.5	significado	4	impacto	3.5	valor	3	influencia	2.5	peso	2	consecuencia	1.5	efecto	1	implicaci�n	0.5
pides	5	adquieres	4.5	obtienes	4	requieres	3.5	buscas	3	consigues	2.5	reclamas	2	demandas	1.5	encargas	1		
dirige	5	redirige	4.5	encamina	4	orienta	3.5	gu�a	3	lleva	2.5	deriva	2	remite	1.5	encauza	1	transmite	0.5
demostrar�	5	evidenciar�	4.5	mostrar�	4	comprobar�	3.5	reflejar�	3	confirmar�	2.5	respaldar�	2	avalar�	1.5	justificar�	1	acreditar�	0.5
culpables	5	responsables	4.5	autores	4	infractores	3.5	delincuentes	3	actores	2.5	protagonistas	2	realizadores	1.5	practicantes	1	comisores	0.5
canastas	5	cestas	4.5	bandejas	4	estantes	3.5	expositores	3	mostradores	2.5	platos	2	vitrinas	1.5	soportes	1		
conexiones	5	v�nculos	4.5	enlaces	4	relaciones	3.5	comunicaciones	3	redes	2.5	uniones	2	intercambios	1.5	interacciones	1	comunidades	0.5
organizaci�n	5	configuraci�n	4.5	dise�o	4	forma	3.5	patr�n	3	distribuci�n	2.5	composici�n	2	estructuraci�n	1.5	arreglo	1	ordenamiento	0.5
desconfianza	5	incertidumbre	4.5	duda	4	pesimismo	3.5	ceticismo	3	descreimiento	2.5	pessimismo	2	incredulidad	1.5	escepticidad	1	desaliento	0.5
variaci�n	5	cambio	4.5	oscilaci�n	4	movimiento	3.5	alteraci�n	3	inestabilidad	2.5	volatilidad	2	modificaci�n	1.5	transformaci�n	1	variabilidad	0.5
mencionada	5	indicada	4.5	se�alizada	4	referida	3.5	destacada	3	se�al�tica	2.5	designada	2	nombrada	1.5	aludida	1	citada	0.5
productos	5	mercanc�as	4.5	art�culos	4	objetos	3.5	provisiones	3	suministros	2.5	materiales	2						
contraparte	5	interlocutor	4.5	socio comercial	4	contrapartida potencial	3.5	contraparte adecuada	3	parte contraria	2.5								
significados	5	interpretaciones	4.5	definiciones	4	entendimientos	3.5	conceptos	3	perspectivas	2.5	enfoques	2	sentidos	1.5	versiones	1	comprensiones	0.5
proporciones	5	relaciones	4.5	coeficientes	4	comparaciones	3.5	medidas	3	n�meros clave	2.5	indicadores financieros	2	razones financieras	1.5				
aumentan	5	suben	4.5	crecen	4	se elevan	3.5	se multiplican	3	se agrandan	2.5	se ampl�an	2	se ensanchan	1.5	se intensifican	1	se fortalecen	0.5
pensiones	5	retiro	4.5	previsi�n social	4														
adecuadamente	5	correctamente	4.5	eficientemente	4	bien	3.5	�ptimamente	3	id�neamente	2.5	acertadamente	2	con precisi�n	1.5				
definir	5	establecer	4.5	se�alar	4	delimitar	3.5	identificar	3	marcar	2.5	precisar	2	delinear	1.5	fijar	1	estipular	0.5
aumento	5	crecimiento	4.5	mejora	4	subida	3.5	expansi�n	3	ampliaci�n	2.5	incrementaci�n	2	fortalecimiento	1.5	desarrollo	1	avance	0.5
tardaron	5	retrasaron	4.5	dilataron	4	postergaron	3.5	prolongaron	3	aplazaron	2.5	retardaron	2	ralentizaron	1.5	detuvieron	1	frenaron	0.5
provoca	5	causa	4.5	trae consigo	4	conlleva	3.5	genera	3	produce	2.5	ocasiona	2	acarrea consigo	1.5	implica	1	resulta en	0.5
pr�stamo	5	deuda	4.5	obligaci�n financiera	4	carga econ�mica	3.5	pasivo	3	financiamiento	2.5	cr�dito	2	adeudo	1.5	compromiso financiero	1		
crecen	5	ampl�an	4.5	aumentan	4	se extienden	3.5	se diversifican	3	se desarrollan	2.5	se multiplican	2	se incrementan	1.5	se propagan	1	se difunden	0.5
des�nimo	5	pesimismo	4.5	desaliento	4	desmotivaci�n	3.5	abatimiento	3	desesperanza	2.5	negatividad	2	derrota anticipada	1.5	rendici�n prematura	1	inseguridad	0.5
vendedor	5	proveedor	4.5	comerciante	4	suministrador	3.5	distribuidor	3	proveedor exclusivo	2.5	�nico ofertante	2	monopolista	1.5				
demandas	5	quejas	4.5	reclamos	4	alegatos	3.5	acusaciones	3	pretensiones	2.5	exigencias	2	requerimientos legales	1.5	acciones legales	1		
negativa	5	desfavorable	4.5	despectiva	4	denigrante	3.5	degradante	3	despreciativa	2.5	cr�tica	2	insultante	1.5	ofensiva	1	deshonrosa	0.5
receptor	5	beneficiario	4.5	destinado	4	recipiente	3.5	cliente	3	pagador	2.5	destino	2	destinatario final	1.5	remitente	1	destinado a	0.5
pregunte	5	se pregunte	4.5	se cuestione	4	interrogue	3.5	se interrogue	3	duda	2.5								
individuales	5	propias	4.5	�nicas	4	exclusivas	3.5	privadas	3	personalmente autorizadas	2.5								
habilidades	5	destrezas	4.5	competencias	4	capacidades	3.5	talentos	3	habilidades comerciales	2.5	habilidades empresariales	2	habilidades financieras	1.5	habilidades contables	1		
vivienda compartida	5	residencia colectiva	4.5	hogar compartido	4	comunidad habitacional	3.5	domicilio compartido	3	apartamento colectivo	2.5	inmueble arrendado	2						
esencial	5	b�sico	4.5	primordial	4	vital	3.5	clave	3	principal	2.5	importante	2	relevante	1.5	necesario	1	indispensable	0.5
sanciones	5	castigos	4.5	multas	4	consecuencias negativas	3.5	restricciones financieras	3	impedimentos econ�micos	2.5	perjuicios monetarios	2						
intensificado	5	agravado	4.5	incrementado	4	aumentado	3.5	agudizado	3	empeorado	2.5	exacerbado	2	profundizado	1.5	recrudecido	1	potenciado	0.5
se opone	5	contrasta	4.5	difiere	4	enfrenta	3.5	choca	3	contradice	2.5	desaf�a	2	desentona	1.5	se contrapone	1		
comunes	5	usuales	4.5	t�picas	4	frecuentes	3.5	convencionales	3	corrientes	2.5	populares	2	normales	1.5	tradicionales	1		
var�en	5	cambien	4.5	oscilen	4	se alteren	3.5	se modifiquen	3	se muevan	2.5	sean inestables	2	sufran cambios	1.5	experimenten variaciones	1		
ocurre	5	sucede	4.5	acontece	4	se produce	3.5	tiene lugar	3	se da	2.5	se presenta	2	sigue a	1.5	resulta	1		
situaci�n	5	entorno	4.5	contexto	4	condici�n	3.5	realidad	3	ambiente	2.5	escenario	2	marco	1.5	cuesti�n	1	hecho	0.5
saltarse	5	ignorar	4.5	incumplir	4	no realizar	3.5	evitar	3	no atender	2.5	desatender	2						
significado	5	implicaci�n	4.5	sentido	4	interpretaci�n	3.5	tono	3	matiz	2.5	perspectiva	2	sugerencia	1.5	inferencia	1	simbolismo	0.5
disponibles	5	recursos l�quidos	4.5	valores corrientes	4	fondos disponibles	3.5	capital circulante	3	ingresos inmediatos	2.5								
rechazaron	5	negaron	4.5	declinaron	4	no aprobaron	3.5	no otorgaron	3	no concedieron	2.5	no autorizaron	2	no permitieron	1.5	no aceptaron	1		
err�nea	5	equivocada	4.5	incorrecta	4	imprecisa	3.5	falsa	3	desacertada	2.5	inadecuada	2	defectuosa	1.5	errada	1	impropia	0.5
descubrir	5	investigar	4.5	indagar	4	conocer	3.5	informarse	3	rastrear	2.5	identificar	2	localizar	1.5	determinar	1		
reducir	5	bajar	4.5	rebajar	4	minimizar	3.5	aminorar	3	restringir	2.5	limitar	2	acotar	1.5	recortar	1	ahorrar	0.5
salarios	5	ingresos	4.5	ganancias	4	pagos	3.5	retribuciones	3	sueldos	2.5	emolumentos	2	honorarios	1.5	beneficios	1	compensaciones	0.5
caracter�sticas	5	especificaciones	4.5	detalles	4	aspectos	3.5	condiciones	3	factores	2.5	elementos	2	peculiaridades	1.5	singularidades	1	rasgos	0.5
l�mite	5	m�ximo	4.5	umbral	4	l�mite m�ximo	3.5	frontera	3	barrera	2.5	techo	2	restricci�n	1.5	nivel m�ximo	1	cota	0.5
obtener	5	conseguir	4.5	comprar	4	hacerse con	3.5	apropiarse de	3										
multas	5	sanciones	4.5	recargos	4	castigos	3.5	consecuencias financieras	3	cargos adicionales	2.5	costos extras	2	impuestos	1.5	sobrecostos	1	grav�menes	0.5
tartamudeaban	5	titubeaban	4.5	vacilaban	4	dudaban	3.5	tropezaban	3	trabucaban	2.5	enredaban	2	enmara�aban	1.5	enredijaban	1	confund�an	0.5
extremadamente	5	sumamente	4.5	altamente	4	excesivamente	3.5	intensamente	3	profundamente	2.5	en extremo	2						
entregan	5	suministran	4.5	brindan	4	proveen	3.5	facilitan	3	abastecen	2.5	otorgan	2	presentan	1.5	generan	1	comunican	0.5
mencionada	5	referida	4.5	citada	4	nombrada	3.5	incluida	3	se�alada	2.5	mencionadas anteriormente	2	previamente mencionadas	1.5				
especialmente	5	principalmente	4.5	sobre todo	4	espec�ficamente	3.5	en particular	3	concretamente	2.5	singularmente	2	especialmente para	1.5	mayormente para	1	en especial	0.5
caducidad	5	vencimiento	4.5	expiraci�n	4	finalizaci�n	3.5	terminaci�n	3	agotamiento	2.5	cese	2	extinci�n	1.5	anulaci�n	1	cancelaci�n	0.5
p�rdida	5	desaparici�n	4.5	extraviaci�n	4	extraviamiento	3.5	desubicaci�n	3	descuido	2.5	olvido	2	extrav�o accidental	1.5	extrav�o involuntario	1	extrav�o fortuito	0.5
descartan	5	eliminan	4.5	renuncian a	4	omiten	3.5	ignoran	3	excluyen	2.5	abandonan	2	suprimen	1.5	rechazan	1		
causa	5	motivo	4.5	explicaci�n	4	justificaci�n	3.5	origen	3	fundamento	2.5	base	2	argumento	1.5	factor	1	circunstancia	0.5
caros	5	elevados	4.5	excesivos	4	altos	3.5	onerosos	3	abusivos	2.5	desorbitados	2	exorbitantes	1.5	inflados	1		
brindan	5	conceden	4.5	entregan	4	facilitan	3.5	proporcionan	3	ofrecen	2.5	prestan	2	otorgan cr�ditos	1.5	dan pr�stamos	1		
desajuste	5	alteraci�n	4.5	desequilibrio	4	perturbaci�n	3.5	desbalance	3	disrupci�n	2.5	trastorno	2	desorden	1.5	inestabilidad	1	descompensaci�n	0.5
l�gica	5	prudencia	4.5	sensatez	4	coherencia	3.5	inteligencia	3	juicio	2.5	sabidur�a	2	discernimiento	1.5	criterio	1	razonamiento	0.5
apareci�	5	se origin�	4.5	se cre�	4	se desarroll�	3.5	emergi�	3	naci�	2.5	se form�	2	se estableci�	1.5	tom� forma	1		
anota	5	escribe	4.5	pone	4	indica	3.5	establece	3	fija	2.5	se�ala	2	marca	1.5	registra	1	asigna	0.5
disputa	5	conflicto	4.5	lucha	4	contienda	3.5	enfrentamiento	3	competencia	2.5	ri�a	2	contraposici�n	1.5	diferencia	1	choque	0.5
relaciona	5	vincula	4.5	conecta	4	une	3.5	identifica	3	relacionada	2.5	ligada	2	enlaza	1.5	une	1	comunica	0.5
solo	5	exclusivamente	4.5	simplemente	4	solamente	3.5	meramente	3	tan solo	2.5	apenas	2	limit�ndose a	1.5				
se mantiene	5	contin�a	4.5	perdura	4	persiste	3.5	sigue vigente	3	se conserva	2.5	no desaparece	2	se sostiene	1.5				
aprobada	5	reconocida	4.5	autorizada	4	certificada	3.5	sancionada	3	ratificada	2.5	garantizada	2	soportada	1.5	verificada	1	endosada	0.5
dom�sticas	5	hogare�as	4.5	parentales	4														
comercial	5	econ�mico	4.5	monetario	4	financiero	3.5	capitalista	3	negociador	2.5	empresarial	2	comerciante	1.5	lucrativo	1	transaccional	0.5
ense�e	5	capacite	4.5	instruya	4	forme	3.5	prepare	3	adiestre	2.5	desarrolle	2	entrene	1.5	gu�e	1	orienta	0.5
retirarte	5																		
preocupaci�n	5	inquietud	4.5	angustia	4	nerviosismo	3.5	agobio	3	incertidumbre	2.5	tensi�n	2	estr�s	1.5	desasosiego	1	aflicci�n	0.5
empresa	5	negocio	4.5	sociedad	4	firma	3.5	organizaci�n	3	entidad	2.5	corporaci�n	2	empresa comercial	1.5	firma empresarial	1		
financiera	5	deudora	4.5	solvencia	4	confianza	3.5	prestamista	3	pr�stamo	2.5	fianza	2	aval	1.5	seguridad	1	fiabilidad	0.5
informe	5	avise	4.5	comunique	4	alerte	3.5	advierta	3	reporte	2.5	d� aviso	2	haga saber	1.5				
espec�fica	5	definida	4.5	concreta	4	precisa	3.5	establecida	3	seleccionada	2.5	designada	2	fija	1.5	se�alada	1	acordada	0.5
agregar	5	contemplar	4.5	incorporar	4	a�adir	3.5	considerar	3	englobar	2.5	comprender	2	integrar	1.5	cubrir	1	involucrar	0.5
acreditadas	5	certificadas	4.5	autorizadas	4	establecidas	3.5	renombradas	3	prestigiosas	2.5	confiables	2	fiables	1.5	notables	1	destacadas	0.5
perjudicar�a	5	afectar�a negativamente	4.5	comprometer�a	4	empeorar�a	3.5	impactar�a negativamente	3	desfavorecer�a	2.5								
efectuar	5	ejecutar	4.5	procesar	4	completar	3.5	concretar	3	efectivizar	2.5	hacer efectivo	2	cumplir	1.5				
pagan	5	efect�an	4.5	hacen	4	abonan	3.5	desembolsan	3	entregan	2.5	invierten	2	depositan	1.5	remuneran	1	costean	0.5
soborno	5	corrupci�n	4.5	coima	4	prevaricaci�n	3.5	d�diva	3	sobornamiento	2.5	cooptaci�n	2	malversaci�n	1.5				
afrontar	5	encarar	4.5	acometer	4	abordar	3.5	enfrentarse a	3	lidiar con	2.5	confrontar	2	superar	1.5	resolver	1		
preciso	5	aproximado	4.5	concreto	4	razonable	3.5	fidedigno	3	pr�ctico	2.5	sensato	2	coherente	1.5	adecuado	1	verdadero	0.5
facturas	5	recibos	4.5	tickets	4	comprobantes	3.5	vouchers	3	comandas	2.5	cuentas	2	tiquetes	1.5	papeletas	1		
unificado	5	concentrado	4.5	agrupado	4	integrado	3.5	consolidado	3	sintetizado	2.5	reunido	2	combinado	1.5	coordinado	1	organizado	0.5
guardar	5	reservar	4.5	acumular	4	juntar	3.5	conservar	3	economizar	2.5	depositar	2	almacenar	1.5	retener	1	preservar	0.5
utilizan	5	aplican	4.5	emplean	4	implementan	3.5	siguen	3	ejecutan	2.5	manejan	2	practican	1.5	adoptan	1	realizan	0.5
alquiler	5	renta	4.5	alquilar	4	arrendamiento	3.5												
ganancias	5	beneficios	4.5	ingresos	4	rentabilidad	3.5	lucro	3	plusval�a	2.5	rendimiento	2	provecho	1.5	ganancia neta	1	utilidad neta	0.5
incluye	5	contiene	4.5																
individualmente	5	solitariamente	4.5	separadamente	4	aisladas	3.5	sin compa��a	3	en soledad	2.5	en privado	2						
impuestos	5	tributos	4.5	tasas	4	contribuciones	3.5	grav�menes	3	aranceles	2.5	cargas fiscales	2	ingresos p�blicos	1.5	recaudaciones	1	exacciones	0.5
guardan	5	reservan	4.5	acumulan	4	almacenan	3.5	economizan	3	retienen	2.5	preservan	2	conservan	1.5	depositan	1	capitalizan	0.5
positiva	5	beneficiosa	4.5	ventajosa	4	a favor	3.5	ganadora	3	rentable	2.5	lucrativa	2	propicia	1.5	provechosa	1	conveniente	0.5
descompensado	5	inestable	4.5	desajustado	4	deficiente	3.5	desigual	3	irregular	2.5	inequilibrado	2	desproporcionado	1.5	desequilibrado financieramente	1		
consideraciones	5	pensamientos	4.5	an�lisis	4	meditaciones	3.5	deliberaciones	3	contemplaciones	2.5	cuestionamientos	2	examinaciones	1.5	evaluaciones	1	discusiones	0.5
cari�o	5	cari�oso	4.5	afectuoso	4	amoroso	3.5	ternura	3	simpat�a	2.5	empat�a	2	compasi�n	1.5	amabilidad	1	cordialidad	0.5
da�inos	5	nocivos	4.5	perjudiciales	4	malignos	3.5	peligrosos	3	da�inos	2.5	destructivos	2	malignos	1.5	hostiles	1	nocivos	0.5
conceptual	5	simb�lico	4.5	te�rico	4	immaterial	3.5	no tangible	3	no concreto	2.5	intangible	2	metaf�sico	1.5	idealizado	1	esot�rico	0.5
opciones	5	posibilidades	4.5	elecciones	4	variantes	3.5	selecciones	3	propuestas	2.5	soluciones	2						
extranjeras	5	ajenas	4.5	importadas	4	forasteras	3.5	for�neos	3	ex�ticas	2.5	forasteras	2	no aut�ctonas	1.5	no nativas	1	no locales	0.5
sistema	5	plataforma	4.5	estructura tecnol�gica	4	soporte t�cnico	3.5	infraestructura inform�tica	3	base tecnol�gica	2.5	entorno operativo	2						
preparatoria	5	bachillerato	4.5	educaci�n media	4	ense�anza secundaria	3.5	escuela secundaria	3	colegio secundario	2.5	nivel medio	2	grado medio	1.5	ciclo medio	1	formaci�n b�sica	0.5
continuamente	5	regularmente	4.5	peri�dicamente	4	sin cesar	3.5	incesantemente	3	persistentemente	2.5	repetidamente	2	frecuentemente	1.5	sin parar	1		
exime	5	desliga	4.5	suelta	4	desprende	3.5	absuelve	3	dispensa	2.5	descarga	2	quita	1.5	liberta	1		
incluirse	5	contabilizarse	4.5	aparecer en	4	contemplarse	3.5												
demandas	5	requisitos	4.5	necesidades	4	peticiones	3.5	solicitudes	3	condiciones	2.5	expectativas	2	requerimientos	1.5	mandatos	1	pretensiones	0.5
mantener	5	preservar	4.5	sostener	4	asegurar	3.5	proteger	3	guardar	2.5	cuidar	2	perpetuar	1.5	prolongar	1	afianzar	0.5
solicitar	5	tomar prestado	4.5	pedir prestado	4	retirar dinero	3.5	obtener financiamiento	3										
costear	5	sustentar	4.5	cubrir	4	aportar	3.5	proveer	3	sufragar	2.5	subvencionar	2	fondear	1.5	abonar	1	mantener	0.5
enfoques	5	modelos	4.5	perspectivas	4	conceptos	3.5	ideas	3	hip�tesis	2.5	creencias	2	propuestas	1.5	ense�anzas	1	filosof�as	0.5
adquirir	5	obtener	4.5	conseguir	4	obtener	3.5	obtener	3	adquirir	2.5	obtener	2	conseguir	1.5				
presentado	5	exhibido	4.5	expuesto	4	ense�ado	3.5	compartido	3	revelado	2.5	demostrado	2	desplegado	1.5	manifestado	1	explicado	0.5
gastado	5	colocado	4.5	puesto	4	utilizado	3.5	destinado	3	empleado	2.5	desembolsado	2						
realizadas	5	hechas	4.5	efectivas	4	ejecutadas	3.5	concretadas	3	completadas	2.5	registradas	2	procesadas	1.5	operaciones realizadas	1		
posibilite	5	facilite	4.5	permitiera	4	favorezca	3.5	habilite	3	otorgue	2.5	brinde	2	proporcione	1.5	conceda	1	autorice	0.5
comenc�	5	inici�	4.5																
aseguran	5	afirman	4.5	argumentan	4	defienden	3.5	proclaman	3	mantienen	2.5	alegan	2	sostienen que	1.5	se�alan que	1	opinan que	0.5
peri�dico	5	constante	4.5	sistem�tico	4	continuo	3.5	establecido	3	rutinario	2.5	frecuente	2	habitual	1.5	programado	1	met�dico	0.5
estado financiero	5	resumen contable	4.5	balance general	4	estado patrimonial	3.5	informe contable	3										
alquileres	5	rentas	4.5	rentas mensuales	4														
diferente	5	variado	4.5	diverso	4	dispar	3.5	contrastante	3	heterog�neo	2.5	desigual	2	opuesto	1.5	dis�mil	1	�nico	0.5
dinero	5	billetes	4.5	monedas	4	liquidez	3.5	fondos disponibles	3	recursos financieros	2.5	capital l�quido	2	activos l�quidos	1.5	efectivo disponible	1		
avanzados	5	industrializados	4.5	desarrollados econ�micamente	4	progresistas	3.5	modernos	3	estables	2.5	pr�speros	2	desarrollados financieramente	1.5	desarrollados tecnol�gicamente	1	desarrollados socialmente	0.5
servicios	5	tratamientos	4.5	cuidados	4	atenciones	3.5	procedimientos	3	terapias	2.5	intervenciones	2	consultas	1.5	ex�menes	1	terapias	0.5
organigrama	5	escalaf�n	4.5	orden jer�rquico	4														
coches	5	veh�culos	4.5	autos	4	carros	3.5	automotores	3	turismos	2.5	transportes personales	2	veh�culos motorizados	1.5				
tiene	5	cuenta con	4.5	dispone de	4	mantiene	3.5	guarda	3	almacena	2.5	conserva	2						
lucrativo	5	beneficioso	4.5	rentador	4	ganancioso	3.5	productivo	3	ventajoso	2.5	fruct�fero	2	redituable	1.5	pr�spero	1	remunerativo	0.5
entidad financiera	5	instituci�n bancaria	4.5	establecimiento crediticio	4	ente monetario	3.5	agencia bancaria	3										
modificar	5	cambiar	4.5	ajustar	4	variar	3.5	manipular	3	transformar	2.5	ajustar	2	influir	1.5	afectar	1	intervenir	0.5
ayudan	5	aportan	4.5	colaboran	4	favorecen	3.5	impulsan	3	promueven	2.5	facilitan	2	mejoran	1.5	fortalecen	1	apoyan	0.5
deciden	5	eligen	4.5	prefieren	4	optan por	3.5	escogen	3										
trampas	5	artima�as	4.5	enga�os	4	estratagemas	3.5	ardides	3	maquinaciones	2.5	triqui�uelas	2	argucias	1.5	tretas	1	falacias	0.5
ingresos	5	ganancias	4.5	beneficios	4	utilidades	3.5	rentas	3	riqueza generada	2.5								
herramientas	5	instrumentos	4.5	objetos	4	artefactos	3.5	implementos	3	dispositivos	2.5	elementos	2	accesorios	1.5	equipos	1	provisiones	0.5
proporcional	5	porcentual	4.5	comparativo	4	relativo	3.5	particular	3	detallado	2.5	desglosado	2	segmentado	1.5	estructurado	1	distribuido	0.5
autom�viles	5	veh�culos	4.5	coches	4	autos	3.5	turismos	3	camionetas	2.5	furgonetas	2	motocicletas	1.5	ciclomotores	1	bicicletas	0.5
seg�n	5	bas�ndose en	4.5	conforme a	4	acorde a	3.5	siguiendo	3										
pl�sticos	5	instrumentos financieros	4.5	tarjetas bancarias	4														
manejado	5	administrado	4.5	controlado	4	dirigido	3.5	supervisado	3	manejado	2.5	llevado	2	organizado	1.5	regulado	1	operado	0.5
ingresa	5	transfiere	4.5	coloca	4	acredita	3.5	abona	3	invierte	2.5	consigna	2	entrega	1.5	paga	1	asigna	0.5
escala	5	orden	4.5	niveles	4	gradaci�n	3.5	pir�mide	3	estructura	2.5	clasificaci�n	2	rango	1.5	posici�n	1	organizaci�n	0.5
obligaciones financieras	5	pasivos	4.5	pr�stamos pendientes	4	deberes econ�micos	3.5	cargas financieras	3	responsabilidades monetarias	2.5	adeudos	2	hipotecas	1.5				
negocian	5	intercambian	4.5	realizan transacciones	4	comercializan	3.5	transfieren	3	tranzan	2.5	hacen negocios	2						
distanciadas	5	aisladas	4.5	divididas	4	diferenciadas	3.5	excluidas	3	apartadas	2.5	desunidas	2	fragmentadas	1.5	disgregadas	1	desconectadas	0.5
lista	5	registro	4.5	cuadro	4	gr�fico	3.5	esquema	3	matriz	2.5	diagrama	2	cat�logo	1.5	directorio	1	inventario	0.5
cantidad	5	importe	4.5	valor	4	suma	3.5	total	3	dinero	2.5	inversi�n	2	capital	1.5	fondos	1	recursos	0.5
pretendemos	5	deseamos	4.5	buscamos	4	aspiramos	3.5	anhelamos	3	proponemos	2.5	esperamos	2	necesitamos	1.5	nos proponemos	1		
planeada	5	estimada	4.5	proyectada	4	programada	3.5	anticipada	3	esperada	2.5	presupuestada	2	pronosticada	1.5	calculada	1	predecida	0.5
realizaci�n	5	cumplimiento	4.5	ejecuci�n	4	materializaci�n	3.5	logro	3	alcance	2.5	finalizaci�n	2	culminaci�n	1.5	consecuci�n	1	implementaci�n	0.5
considera	5	reflexiona	4.5	eval�a	4	analiza	3.5	imagina	3	calcula	2.5	estima	2	medita	1.5	planea	1	visualiza	0.5
comerciante	5	concesionario	4.5																
cumbre	5	pico	4.5	c�spide	4	m�ximo	3.5	�pice	3	c�nit	2.5	tope	2	culminaci�n	1.5	m�xima expresi�n	1		
aumentar	5	impulsar	4.5	agilizar	4	acelerar	3.5	avanzar	3	mejorar	2.5	incrementar	2	potenciar	1.5	estimular	1	favorecer	0.5
hacen	5	ejecutan	4.5	completan	4	desarrollan	3.5	organizan	3	gestionan	2.5	coordinan	2	facilitan	1.5	ajustan	1		
causado	5	provocado	4.5	generado	4	motivado	3.5	originado	3	desencadenado	2.5	producido	2	iniciado	1.5	propiciado	1	impulsado	0.5
																			
ciudadana	5	metropolitana	4.5	poblada	4	cosmopolita	3.5	municipal	3	habitada	2.5	metr�polis	2	urbanoide	1.5	urbanizada	1		
simult�neo	5	paralelo	4.5	en conjunto	4	sincr�nico	3.5	coordinado	3										
productos	5	art�culos	4.5	servicios	4	necesidades	3.5	beneficios	3	utilidades	2.5	comodidades	2	provisiones	1.5	suministros	1	elementos	0.5
neveras	5	frigor�ficos	4.5	heladeras	4	congeladores	3.5	refrigeradores	3	enfriadores	2.5	conservadoras	2	congeladoras	1.5	heladeros	1		
simplemente	5	f�cilmente	4.5	claramente	4	sin complicaciones	3.5	directamente	3	llanamente	2.5	sin rodeos	2	con facilidad	1.5				
estimado	5	determinado	4.5	valorado	4	evaluado	3.5	medido	3	ajustado	2.5	considerado	2	establecido	1.5	presupuestado	1	fijado	0.5
repartir	5	dividir	4.5	asignar	4	diversificar	3.5	esparcir	3	dispersar	2.5	desplegar	2	separar	1.5	distribuirse	1	compartir	0.5
solicita	5	requiere	4.5	exige	4	pide amablemente	3.5	necesita	3	solicita gentilmente	2.5								
punto medio	5	punto neutral	4.5																
se�al�	5	mencion�	4.5	explic�	4	inform�	3.5	anunci�	3	coment�	2.5	aclar�	2	expuso	1.5	manifest�	1	precis�	0.5
permita	5	apruebe	4.5	conceda	4	aproba	3.5	otorgue	3	consienta	2.5	valide	2	facilite	1.5	habilite	1		
pagar	5	liquidar	4.5	saldar	4	abonar	3.5	cubrir	3	finiquitar	2.5	desembolsar	2	eliminar	1.5				
situaciones	5	posibilidades	4.5	opciones	4	alternativas	3.5	casos	3	hip�tesis	2.5	variantes	2	circunstancias	1.5	escenarios posibles	1	escenarios potenciales	0.5
usuarios	5	titulares	4.5	afiliados	4	clientela	3.5	consumidores	3	beneficiarios	2.5	suscriptores	2	particulares	1.5	compradores	1	miembros	0.5
debo	5	necesito	4.5	es necesario	4	requiero	3.5	me toca	3	es imprescindible	2.5	me corresponde	2	me urge	1.5				
barras	5	bloques	4.5	piezas	4	trozos	3.5	placas	3	l�minas	2.5	lingotillos	2	barritas	1.5	cilindros	1	cubos	0.5
felicidad	5	placer	4.5	contento	4	bienestar	3.5	comodidad	3	confort	2.5	alegr�a	2	gratificaci�n	1.5	gozo	1	aprobaci�n	0.5
gobernantes	5	l�deres	4.5	monarcas	4	autoridades	3.5	dirigentes	3	mandatarios	2.5	pr�ncipes	2	emperadores	1.5	reyes	1		
definici�n	5	comprensi�n	4.5	interpretaci�n	4	enfoque	3.5	perspectiva	3	visi�n	2.5	entendimiento	2	significado	1.5	idea	1	concepci�n	0.5
s�ntesis	5	recapitulaci�n	4.5	rese�a	4	breve descripci�n	3.5	conclusi�n	3	recuento	2.5	sumario	2	informe abreviado	1.5	extracto	1	esquema	0.5
utiliza	5	gasta	4.5	disfruta	4	emplea	3.5	usa	3	ingiere	2.5	aprovecha	2	absorbe	1.5	utiliza	1	degusta	0.5
energ�a	5	corriente	4.5	electricidad	4	potencia	3.5	luz	3	voltaje	2.5	generaci�n	2	suministro	1.5	fuerza	1	electrificaci�n	0.5
bancarias	5	crediticias	4.5	monetarias	4	prestamistas	3.5	inversionistas	3	acreedoras	2.5	deudoras	2	fondeadoras	1.5	capitalistas	1	ahorradoras	0.5
herramientas	5	instrumentos	4.5	m�quinas	4	aparatos	3.5	dispositivos	3	utensilios	2.5	implementos	2	artefactos	1.5	maquinaria	1	materiales	0.5
formados	5	compuestos	4.5	integrados	4	conformados	3.5	compuestos	3	comprendidos	2.5	incluidos	2	componentes	1.5	conformantes	1	estructurados	0.5
opciones	5	elecciones	4.5	alternativas	4	decisiones	3.5	dilemas	3	escenarios	2.5	posibilidades	2	caminos	1.5	oportunidades	1		
urgente	5	imperiosa	4.5	ineludible	4	irresistible	3.5	incitante	3	motivadora	2.5	apremiante	2	insistente	1.5	persuasiva	1	determinante	0.5
fondos	5	reservas	4.5	capital	4	dinero guardado	3.5	ahorro acumulado	3	dep�sitos mensuales	2.5	inversi�n personal	2	finanzas personales	1.5				
origen	5	fuente	4.5	proveniencia	4														
edificar	5	crear	4.5	desarrollar	4	forjar	3.5	establecer	3	formar	2.5	generar	2	levantar	1.5	elaborar	1	concretar	0.5
premio	5	gratificaci�n	4.5	bonificaci�n	4	incentivo	3.5	obsequio	3	galard�n	2.5	reconocimiento	2	regalo	1.5	indulgencia	1	capricho	0.5
retrasar	5	postergar	4.5	aplazar	4	dilatar	3.5	posponer	3	diferir	2.5	procrastinar	2	posponer	1.5	prorrogar	1		
pagar�	5	tal�n bancario	4.5	vale bancario	4	instrumento financiero	3.5	t�tulo valor	3	giro bancario	2.5								
pronto	5	r�pidamente	4.5	sin demora	4	enseguida	3.5	de inmediato	3	sin dilaci�n	2.5	con celeridad	2						
encarar	5	enfrentar	4.5	resolver	4	lidiar	3.5	sobrellevar	3	manejar	2.5	asumir	2	superar	1.5				
talonario bancario	5	talonario personal	4.5	registro financiero	4														
demostrar	5	verificar	4.5	confirmar	4	sustentar	3.5	acreditar	3	justificar	2.5	comprobar	2	establecer	1.5	evidenciar	1	constatar	0.5
panificadora	5	paner�a	4.5	boller�a	4														
invent�	5	cre�	4.5	ide�	4	introdujo	3.5	propuso	3	formul�	2.5	desarroll�	2	estableci�	1.5	origin�	1		
diligencia	5	trabajo duro	4.5	esfuerzo	4	productividad	3.5	eficiencia	3	constancia	2.5	dedicaci�n	2	persistencia	1.5	eficacia	1	rendimiento	0.5
alegr�a	5	plenitud	4.5	bienestar	4	gozo	3.5	satisfacci�n	3	contento	2.5	armon�a	2	serenidad	1.5	optimismo	1	paz interior	0.5
ajustada	5	vinculada	4.5	ligada	4	relacionada	3.5												
significa	5	indica	4.5	conlleva	4	supone	3.5	involucra	3	requiere	2.5	resulta en	2						
aparatos electr�nicos	5	dispositivos electr�nicos	4.5	art�culos tecnol�gicos	4	gadgets	3.5	equipos electr�nicos	3	instrumentos electr�nicos	2.5	artefactos electr�nicos	2	herramientas electr�nicas	1.5	m�quinas electr�nicas	1	productos electr�nicos	0.5
disminuir	5	bajar	4.5	acortar	4	recortar	3.5	limitar	3	rebajar	2.5	optimizar	2	simplificar	1.5	agilizar	1	mejorar	0.5
simplificando	5	b�sicamente	4.5	en resumen	4	resumiendo	3.5												
relacionar	5	comparar	4.5	vincular	4	asociar	3.5	conectar	3	concordar	2.5	relacionarse	2	interrelacionar	1.5				
deudor	5	prestado	4.5	acreedor	4	deuda	3.5	obligado	3	financiado	2.5	prestamista	2	hipotecado	1.5	emprestado	1	adeudado	0.5
retiro	5	pensiones	4.5	edad dorada	4														
monitoreo	5	supervisi�n	4.5	control	4	seguimiento continuo	3.5	vigilancia	3	observaci�n	2.5	revisi�n	2	seguimiento constante	1.5	seguimiento regular	1	seguimiento meticuloso	0.5
ayudar	5	contribuir	4.5	apoyar	4	favorecer	3.5	impulsar	3	promover	2.5	facilitar	2	fomentar	1.5	propiciar	1	respaldar	0.5
agujero	5	abismo	4.5	foso	4	zanja	3.5	trampa	3	precipicio	2.5	sima	2	caverna	1.5	sumidero	1	hueco	0.5
insignificantes	5	irrelevantes	4.5	poco importantes	4	sin importancia	3.5	despreciables	3	menores	2.5	nimias	2	secundarias	1.5	superfluas	1	insustanciales	0.5
sube	5	incrementa	4.5	mejora	4	se eleva	3.5	crece	3	se valoriza	2.5	se encarece	2	se revaloriza	1.5	se aprecia	1		
ofrecidos	5	a disposici�n	4.5	al alcance	4	accesibles	3.5	a mano	3	en existencia	2.5								
obstaculice	5	entorpezca	4.5	paralice	4	bloquee	3.5	detenga	3	retarde	2.5	frustre	2	inhiba	1.5	limita	1	estorbe	0.5
cliente	5	consumidor	4.5	adquiriente	4	usuario	3.5	cliente potencial	3	demandante	2.5	interesado	2	comprador potencial	1.5	parte compradora	1	receptor	0.5
heridas	5	da�os f�sicos	4.5	perjuicios corporales	4	lesiones corporales	3.5	da�os personales	3	afecciones f�sicas	2.5	traumatismos	2	incapacidades f�sicas	1.5				
palabra similar	5	t�rmino equivalente	4.5	sin�nimo directo	4	palabra an�loga	3.5	vocablo parecido	3	expresi�n equiparable	2.5	t�rmino correspondiente	2	palabra igual	1.5	sin�nimo exacto	1	t�rmino semejante	0.5
recibo	5	comprobante	4.5	factura	4	voucher	3.5												
aceptar	5	seguir	4.5	cumplir	4	acatar	3.5	respetar	3	adaptarse	2.5	conformarse	2	obedecer	1.5	ajustarse	1	sujetarse	0.5
comparta	5	entregue	4.5	ceda	4	permita	3.5	deje usar	3	facilite	2.5	conceda acceso	2	autorice	1.5	otorgue permiso	1		
acuerdo	5	trato	4.5	transacci�n	4	convenio	3.5	pacto	3	comercio	2.5	intercambio	2	tranzar	1.5	arreglo	1	contrataci�n	0.5
grande	5	amplia	4.5	abundante	4	multitudinaria	3.5	extensa	3	vasta	2.5	copiosa	2	multitud	1.5	muchedumbre	1	nutrida	0.5
planificar	5	coordinar	4.5	dirigir	4	gestionar	3.5	administrar	3	estructurar	2.5	ordenar	2	manejar	1.5	sistematizar	1		
desfavorable	5	perjudicial	4.5	adversa	4	contraproducente	3.5	da�ina	3	desventajosa	2.5	mala	2	desfavorablemente	1.5	perjudicada	1	prejudicial	0.5
desafortunadamente	5	tr�gicamente	4.5	desesperadamente	4	lamentablemente	3.5	catastr�ficamente	3	desastrosamente	2.5	angustiosamente	2	penosamente	1.5	dolorosamente	1	infelizmente	0.5
ra�ces	5	antecedentes	4.5	origen	4	procedencia	3.5	historia	3	tradici�n	2.5	herencia	2	legado	1.5	linaje	1	ancestros	0.5
mostramos	5	exponemos	4.5	describimos	4	detallamos	3.5	exhibimos	3	revelamos	2.5	explicamos	2	ilustramos	1.5	se�alamos	1	informamos	0.5
pagados	5	repartidos	4.5	entregados	4	otorgados	3.5	asignados	3	compartidos	2.5	divididos	2	concedidos	1.5	repartidos equitativamente	1		
periodo	5	tiempo	4.5	intervalo	4	duraci�n	3.5	plazo	3	espacio temporal	2.5	momento	2	etapa	1.5	ciclo	1	fase	0.5
r�pidamente	5	sin dificultad	4.5	con facilidad	4	sencillamente	3.5	con comodidad	3	sin complicaciones	2.5	con destreza	2						
revisar	5	considerar	4.5	explorar	4	estudiar	3.5	evaluar	3	examinar	2.5	discutir	2	plantear	1.5	sopesar	1	valorar	0.5
fortuna	5	abundancia	4.5	prosperidad	4	opulencia	3.5	bienes	3	patrimonio	2.5	tesoros	2	riqueza material	1.5	capital	1	recursos econ�micos	0.5
completos	5	globales	4.5	completados	4	integrales	3.5	generales	3	conjuntos	2.5	agregados	2	sumados	1.5	acumulados	1		
financiero	5	deuda	4.5	solvencia	4	antecedentes financieros	3.5	referencia crediticia	3	evaluaci�n financiera	2.5	estado crediticio	2						
oficina	5	entidad	4.5	organizaci�n	4	empresa	3.5	instituci�n	3	compa��a	2.5	autoridad	2	departamento	1.5	servicio	1	centro	0.5
detener	5	controlar	4.5	frenar	4	limitar	3.5	reducir	3	bloquear	2.5	cortar	2	evitar	1.5	suspender	1	acabar	0.5
realizan	5	hacen	4.5	eligen	4	deciden	3.5	optan	3	se decantan	2.5	ejecutan	2	adoptan	1.5	toman medidas	1		
seg�n	5	bas�ndose en	4.5	considerando	4	conforme a	3.5												
indigencia	5	miseria	4.5	carencia	4	necesidad	3.5	escasez	3	privaci�n	2.5	precariedad	2	marginaci�n	1.5	desamparo	1	exclusi�n	0.5
estufas	5	cocinas	4.5	fogones	4	calentadores	3.5	quemadores	3	parrillas	2.5	asadores	2	calefactores	1.5	tostadoras	1	barbacoas	0.5
registrando	5	anotando	4.5	controlando	4	monitoreando	3.5	siguiendo	3	supervisando	2.5	apuntando	2	anot�ndose	1.5				
especialmente	5	sobre todo	4.5	principalmente	4	sobretodo	3.5	en particular	3	especialmente importante	2.5	particularmente dif�cil	2	en especial	1.5				
tienen	5	cuentan con	4.5	poseen	4	utilizan	3.5	manejan	3	acceden a	2.5	disfrutan de	2						
inestimable	5	preciosa	4.5	impagable	4	valioso	3.5	indispensable	3	irremplazable	2.5	inapreciable	2	fundamental	1.5	esencial	1	importante	0.5
ciudadanos	5	contribuyentes individuales	4.5	aportantes fiscales	4	sujetos tributarios	3.5	obligados fiscales	3										
deudor	5	pagador	4.5	obligado tributario	4	ciudadano fiscal	3.5	responsable tributario	3	aportante	2.5								
hurto	5	asalto	4.5	atraco	4	despojo	3.5	saqueo	3	pillaje	2.5	estafa	2	fraude	1.5	enga�o	1	apropiaci�n indebida	0.5
anhelan	5	ambicionan	4.5	codician	4	sue�an con	3.5	aspiran a	3	quieren	2.5	gustan de	2	aprecian	1.5	fantasean con	1	desean ardientemente	0.5
disminuci�n	5	baja	4.5	ca�da	4	merma	3.5	rebaja	3	recorte	2.5	disminuci�n	2	mengua	1.5	bajada	1		
facturan	5	exigen	4.5	requieren	4	solicitan	3.5	piden	3	imponen	2.5	aplican	2	establecen	1.5	fijan	1	imparten	0.5
concretos	5	particulares	4.5	determinados	4	espec�ficamente	3.5	detallados	3	precisos	2.5	definidos	2	puntuales	1.5	focalizados	1	exclusivos	0.5
emocional-f�sico	5	cuerpo-mente	4.5	neuro-biol�gico	4	mental-corporal	3.5	psicol�gico-f�sico	3	cerebro-cuerpo	2.5	siqui�trico-som�tico	2	neuropsicol�gico	1.5	bio-ps�quico	1	neuro-mental	0.5
asignar	5	invertir	4.5	utilizar	4	dirigir	3.5	emplear	3	enfocar	2.5	aplicar	2	gastar	1.5	destacar	1		
despu�s	5	luego	4.5	m�s tarde	4	a continuaci�n	3.5	seguidamente	3	finalmente	2.5								
avisar	5	informar	4.5	advertir	4	notificar	3.5	alertar	3	indicar	2.5	se�alar	2	comunicar	1.5	anunciar	1	precisar	0.5
utilizado	5	destinado	4.5	gastado	4	invertido	3.5	empleado	3	asignado	2.5	usado	2	consumido	1.5	gastado	1	dirigido	0.5
relacionados	5	ligados	4.5	conectados	4	asociados	3.5	unidos	3	enlazados	2.5	adheridos	2	afiliados	1.5	emparentados	1	entrelazados	0.5
arriesgado	5	temerario	4.5	incauto	4	irresponsable	3.5	impr�ctico	3	insensato	2.5	precipitado	2	descuidado	1.5	irreflexivo	1	inconsciente	0.5
insolvencia	5	bancarrota	4.5	liquidaci�n financiera	4														
se transforma	5	se vuelve	4.5	se modifica	4	se cambia	3.5												
econom�a	5	dinero	4.5	gesti�n financiera	4	ahorro	3.5	presupuesto familiar	3	planificaci�n financiera	2.5	finanzas personales	2						
indica	5	menciona	4.5	expresa	4	apunta	3.5	destaca	3	comunica	2.5	sugiere	2	alude	1.5	refiere	1	aclara	0.5
competencias	5	capacidades	4.5	destrezas	4	aptitudes	3.5	talentos	3	conocimientos pr�cticos	2.5	habilidades t�cnicas	2	expertise	1.5	destrezas profesionales	1	competencias clave	0.5
preparas	5	organizas	4.5	dise�as	4	proyectas	3.5	programas	3	estableces	2.5	tramas	2	arreglas	1.5	previenes	1	anticipas	0.5
obligada	5	forzada	4.5	exigida	4	dictada	3.5	prescrita	3	establecida	2.5	imposici�n	2	mandatada	1.5	condicionada	1		
produciendo	5	ganando	4.5	obteniendo	4	creando	3.5	logrando	3	generando ingresos	2.5	aportando beneficios	2	rindiendo frutos	1.5	producir ganancias	1		
confiable	5	segura	4.5	garantizada	4	asegurada	3.5	respaldo	3	avalada	2.5	protegida	2	fiabilidad	1.5	solvencia	1	credibilidad	0.5
haga	5	ejecute	4.5	complete	4	efect�e	3.5	proceda	3	cumpla con	2.5								
obtiene	5	gana	4.5	adquiere	4	recauda	3.5	percibe	3	consigue	2.5	obtenci�n	2	procura	1.5	alcanza	1	aprovecha	0.5
ropa	5	indumentaria	4.5	atuendo	4	vestimenta	3.5	vestido	3	traje	2.5	conjunto	2	atav�o	1.5				
da	5	concede	4.5	entrega	4	brinda	3.5	facilita	3	proporciona	2.5	ofrece	2	cede	1.5	dispensa	1	asigna	0.5
sustituir	5	reemplazar	4.5	intercambiar	4	trocar	3.5	modificar	3	variar	2.5	transformar	2	renovar	1.5	alterar	1	mejorar	0.5
v�as	5	medios	4.5	plataformas	4	herramientas	3.5	m�todos	3	sistemas	2.5	redes	2	tecnolog�as	1.5	canales digitales	1	formas	0.5
cuotas	5	abonos	4.5	tarifas	4	intereses acumulados	3.5	comisiones	3	honorarios	2.5	rendimientos	2	gastos financieros	1.5				
contactos	5	conexiones	4.5	poder	4	influencia pol�tica	3.5	relaciones	3	amistades influyentes	2.5	palancas	2	v�nculos poderosos	1.5	alianzas estrat�gicas	1		
eso	5	el ahorro	4.5	la acumulaci�n	4	el proceso	3.5	la estrategia	3	la opci�n	2.5	la alternativa	2	el m�todo	1.5	la forma	1	el camino	0.5
al mes	5	cada mes	4.5	por mes	4	mensualmente	3.5												
adquisiciones	5	adquisiones	4.5	transacciones	4	compraventas	3.5	adquisiciones comerciales	3	compras realizadas	2.5								
activas	5	vigentes	4.5	operativas	4	disponibles	3.5	en uso	3	abiertas	2.5	funcionando	2	utilizadas	1.5	en funcionamiento	1	actuales	0.5
ahorrar	5	destinar	4.5	colocar	4	depositar	3.5	invertir dinero	3	generar ganancias	2.5								
costos	5	tarifas	4.5	comisiones	4	gastos	3.5	pagos adicionales	3	sobrecargos	2.5	impuestos	2	recargos	1.5	cuotas	1	costes adicionales	0.5
pone dinero	5	coloca capital	4.5	destina recursos	4	adquiere propiedad	3.5	deposita fondos	3	aporta capital	2.5								
indican	5	reflejan	4.5	revelan	4	evidencian	3.5	demuestran	3	se�alan	2.5	testimonian	2	exhiben	1.5	comprueban	1	atestiguan	0.5
obtiene	5	recibe	4.5	genera	4	percibe	3.5	logra	3	alcanza	2.5	consigue	2	aprovecha	1.5	beneficia	1		
clasificados	5	organizados	4.5	categorizados	4	divididos	3.5	ordenados	3	combinados	2.5	reunidos	2	juntados	1.5	asociados	1		
influenciadas	5	impulsadas	4.5	conducidas	4	llevadas	3.5	empujadas	3	seducidas	2.5	atra�das	2	incitadas	1.5	provocadas	1	animadas	0.5
subordinado	5	sujeto	4.5	controlado	4	supeditado	3.5	condicionado	3	vinculado	2.5	atado	2	ligado	1.5	relegado	1	subyugado	0.5
solicitan	5	requieren	4.5	buscan	4	necesitan	3.5	desean	3	anhelan	2.5	aspiran	2	pretenden	1.5	esperan	1	exigen	0.5
movimientos	5	transacciones	4.5	corrientes	4	transferencias	3.5	intercambios	3	balance comercial	2.5	comercio exterior	2						
frecuentemente	5	com�nmente	4.5	regularmente	4	constantemente	3.5	reiteradamente	3	continuamente	2.5	repetidamente	2	sistem�ticamente	1.5	usualmente	1		
cre�	5	elabor�	4.5	ide�	4	planific�	3.5	desarroll�	3	confeccion�	2.5	estableci�	2	trabaj� en	1.5	formul�	1	dise�ado	0.5
vinculadas	5	conectadas	4.5	ligadas	4	asociadas	3.5	unidas	3	interrelacionadas	2.5	correlacionadas	2	enlazadas	1.5	compartidas	1	involucradas	0.5
protecci�n	5	resguardo	4.5	barrera	4	escudo	3.5	defensa	3	filtro	2.5	blindaje	2	cierre	1.5	impedimento	1	obst�culo	0.5
explicarlo	5	describirlo	4.5	caracterizarlo	4	interpretarlo	3.5	clarificarlo	3	delimitarlo	2.5	identificarlo	2	conceptualizarlo	1.5	precisarlo	1	comprenderlo	0.5
incluyen	5	contemplan	4.5	abarcan	4	engloban	3.5	involucran	3	comprenden	2.5	implican	2	requieren	1.5	suponen	1		
subordinaci�n	5	reliance	4.5	sujeci�n	4	adhesi�n	3.5	vinculaci�n	3	sumisi�n	2.5	rendici�n	2	supeditaci�n	1.5	conexi�n	1	atadura	0.5
costosas	5	cuantiosas	4.5	elevadas	4	considerables	3.5	abultadas	3	significativas	2.5	considerables	2	grandes	1.5	considerables	1	considerables	0.5
evit�	5	obstaculiz�	4.5	imped�a	4	limit�	3.5	retras�	3	bloque�	2.5	fren�	2	inhibi�	1.5	detuvo	1		
suben	5	incrementan	4.5	se encarecen	4	se elevan	3.5	se disparan	3	se encarecen	2.5								
legalmente	5	formalmente	4.5	judicialmente	4	leg�timamente	3.5	legal�sticamente	3	normativamente	2.5	oficialmente	2	reglamentariamente	1.5	legalemente	1	convencionalmente	0.5
gr�ficos	5	cuadros	4.5	diagramas	4	esquemas	3.5	representaciones	3	ilustraciones	2.5	matrices	2	listados	1.5	desgloses	1	presentaciones	0.5
ajustarse	5	conformarse	4.5	amoldarse	4	adecuarse	3.5	acoplarse	3	ceder	2.5	someterse	2	complacer	1.5	acomodarse	1	aceptar	0.5
equidad	5	uniformidad	4.5	paridad	4	conformidad	3.5	homogeneidad	3	consistencia	2.5	similitud	2	armon�a	1.5	semejanza	1	coherencia	0.5
velocidad	5	paso	4.5	progreso	4	avance	3.5	marcha	3	desarrollo	2.5	crecimiento	2	rendimiento	1.5				
gasto p�blico	5	inversi�n	4.5	desembolso	4	costo	3.5	gasto social	3										
mentales	5	emocionales	4.5	cognitivas	4	conductuales	3.5	afectivas	3	perceptivas	2.5	sociales	2	ps�quicas	1.5	mentales	1	emotivas	0.5
tuviera	5	poseyera	4.5	tenga	4	tuviese	3.5	tuviera disponible	3	contara con	2.5	dispusiera de	2	pudiera obtener	1.5	consiguiera	1	adquiriera	0.5
amable	5	educado	4.5	respetuoso	4	atento	3.5	considerado	3	agradable	2.5	afable	2	gentil	1.5	cordial	1		
ingresos	5	ganancias	4.5	facturaci�n	4	ingresos brutos	3.5	ventas totales	3										
compras	5	gastos	4.5	movimientos	4	operaciones	3.5	pagos	3	transacciones financieras	2.5	actividades bancarias	2	transacciones comerciales	1.5	operaciones monetarias	1		
descensos	5	ca�das	4.5	disminuciones	4	retrocesos	3.5	declives	3	reducciones	2.5	decrecimientos	2	mermas	1.5	bajones	1	p�rdidas	0.5
ahorro	5	fondo	4.5	previsi�n	4	respaldo	3.5	provisi�n	3	colch�n	2.5	seguridad	2	precauci�n	1.5	protecci�n	1	contingencia	0.5
juzgados	5	cortes	4.5	magistrados	4	jurados	3.5	�rganos judiciales	3	instancias legales	2.5	audiencias	2						
ubicaci�n geogr�fica	5	coordenadas	4.5	paralelos	4	hemisferio	3.5	territorio	3										
econ�mica	5	monetaria	4.5	presupuestaria	4	dinero	3.5	ahorro	3	inversi�n	2.5	capitalizaci�n	2						
movimiento	5	circulaci�n	4.5	corriente	4	din�mica	3.5	transacci�n	3	gesti�n financiera	2.5								
reparaciones	5	cuidados	4.5	inspecciones	4	revisi�n	3.5	ajustes	3	limpieza	2.5	conservaci�n	2	actualizaciones	1.5	renovaciones	1		
pertenecen a	5																		
sobrepasan	5	vencen	4.5	dominan	4	triunfan	3.5	exceden	3	suplantan	2.5	sustituyen	2	prevalecen	1.5	se imponen	1	se destacan	0.5
t�pico	5	habitual	4.5	est�ndar	4	com�n	3.5	regular	3	medio	2.5	corriente	2	normalmente esperado	1.5	usualmente visto	1	frecuente	0.5
espec�ficas	5	particulares	4.5	concretas	4	especializadas	3.5	seleccionadas	3	definidas	2.5	precisas	2	detalladas	1.5	limitadas	1	designadas	0.5
dirige	5	controla	4.5	monitorea	4	gu�a	3.5	lidera	3	vigila	2.5	administra	2	orienta	1.5	maneja	1	coordina	0.5
arreglos	5	reparos	4.5	ajustes	4	correcciones	3.5	mejoras	3	restauraciones	2.5	remodelaciones	2	renovaciones	1.5	mantenimiento	1	soluciones	0.5
medida	5	par�metro	4.5	se�al	4	referencia	3.5	estimaci�n	3	cifra	2.5	�ndice	2	marcador	1.5	valoraci�n	1	evaluaci�n	0.5
financieramente	5	rentablemente	4.5	lucrativamente	4	beneficiosamente	3.5	ganancialmente	3	productivamente	2.5	rendiblemente	2	costo-efectivamente	1.5	comercialmente	1	monetariamente	0.5
ejecuta	5	efect�a	4.5	concreta	4	cumple con	3.5	completa	3	hace	2.5								
factores	5	par�metros	4.5	elementos	4	componentes	3.5	indicadores	3	caracter�sticas	2.5	aspectos	2	condicionantes	1.5	atributos	1	criterios	0.5
importante	5	fundamental	4.5	esencial	4	crucial	3.5	vital	3	determinante	2.5	relevante	2	significativo	1.5	trascendental	1	primordial	0.5
planificaci�n	5	gesti�n	4.5	organizaci�n	4	manejo	3.5	preparaci�n	3	administraci�n	2.5	dise�o	2	creaci�n	1.5	desarrollo	1	establecimiento	0.5
particulares	5	concretos	4.5	precisos	4	definidos	3.5	selectos	3	escogidos	2.5	se�alados	2						
cantidad	5	suma	4.5	total	4	valor	3.5	importe	3	cifra	2.5	n�mero	2	medida	1.5	estimaci�n	1	cuant�a	0.5
cacer�a	5	actividad cineg�tica	4.5																
explicar	5	indicar	4.5	revelar	4	aclarar	3.5	informar	3	detallar	2.5	describir	2	especificar	1.5	se�alar	1		
pronto	5	�gil	4.5	veloz	4	eficiente	3.5	expedito	3	sin demoras	2.5	con celeridad	2						
objetivos	5	prop�sitos	4.5	aspiraciones	4	deseos	3.5	logros	3	destinos	2.5	fines	2	resultados	1.5	hitos	1	ambiciones	0.5
demostrar	5	evidenciar	4.5	exhibir	4	manifestar	3.5	revelar	3	ilustrar	2.5	comprobar	2	reflejar	1.5	demostrar	1	presentar	0.5
dependen	5	creen	4.5	confiar	4	tienen fe	3.5	conf�an en	3	esperan	2.5	cuentan con	2	asumen	1.5	consideran	1		
asigne	5	designe	4.5	dirija	4	env�e	3.5	entregue	3	deposite	2.5	transfiera	2	asigne fondos	1.5	destine recursos	1		
obligan	5	dirigen	4.5	impulsan	4	mueven	3.5	provocan	3	generan	2.5	inducen	2	motivan	1.5	estimulan	1	fomentan	0.5
reducido	5	moderado	4.5	controlado	4	acotado	3.5	restringido	3	escaso	2.5								
describe	5	explica	4.5	representa	4	se�ala	3.5	delimita	3	caracteriza	2.5	identifica	2	establece	1.5	designa	1	precisa	0.5
resolver	5	escoger	4.5	elegir	4	determinar	3.5	optar	3	seleccionar	2.5	acordar	2	pronunciarse	1.5	definir	1		
cr�dito	5	financiamiento	4.5	pr�stamo bancario	4	pr�stamo personal	3.5	pr�stamo hipotecario	3	empr�stito	2.5								
obligaciones	5	papeles comerciales	4.5	bonos corporativos	4	notas financieras	3.5	deuda financiera	3										
aspecto	5	faceta	4.5	perspectiva	4	enfoque	3.5	�mbito	3	alcance	2.5	extensi�n	2	tama�o	1.5	magnitud	1	proporci�n	0.5
bienes	5	propiedades	4.5	posesiones	4	recursos	3.5	patrimonio	3	posesiones materiales	2.5	pertenencias	2	riqueza	1.5	capital	1	fondos	0.5
gesti�n	5	organizaci�n	4.5	manejo	4	control	3.5	direcci�n	3	coordinaci�n	2.5	supervisi�n	2	regulaci�n	1.5	funciones administrativas	1	procedimientos	0.5
hacer	5	elaborar	4.5	generar	4	formular	3.5	dise�ar	3	construir	2.5	establecer	2	preparar	1.5	organizar	1	planificar	0.5
financiarlo	5	abonarlo	4.5																
superiores	5	altas	4.5	sublimes	4	destacadas	3.5	sobresalientes	3	trascendentes	2.5	supremas	2	�ptimas	1.5	excelentes	1		
ingresos	5	ganancias	4.5	recaudaci�n	4	fondos	3.5	aportes	3	ingresos monetarios	2.5	dinero entrante	2	ingresos financieros	1.5	efectivo recibido	1		
prestadores	5	financiadores	4.5	acreedores	4	inversores	3.5	fondeadores	3	patrocinadores financieros	2.5								
cambio	5	alteraci�n	4.5	modificaci�n	4	transformaci�n	3.5	fluctuaci�n	3	diferencia	2.5	desviaci�n	2	mutaci�n	1.5	ajuste	1	evoluci�n	0.5
deudora	5	insolvente	4.5	hipotecada	4														
felicidad	5	bienestar social	4.5	satisfacci�n	4	progreso	3.5	mejora	3	confort	2.5	estabilidad	2	armon�a	1.5	plenitud	1		
implementaci�n	5	ejecuci�n	4.5	realizaci�n	4	aplicaci�n	3.5	desarrollo	3	acci�n	2.5	cumplimiento	2						
usados	5	consumidos	4.5	empleados	4	aprovechados	3.5	gastados	3	requeridos	2.5	beneficiados	2	disfrutados	1.5	aplicados	1		
mobiliario	5	enseres	4.5	muebler�a	4	estructuras met�licas	3.5	utensilios	3	implementos met�licos	2.5								
agrada	5	encanta	4.5	atrae	4	complace	3.5	fascina	3	interesa	2.5	satisface	2	gusta mucho	1.5	divierte	1	emociona	0.5
pagar	5	cubrir	4.5	asumir	4	cumplir con	3.5	satisfacer	3	costear	2.5	abonar	2	liquidar	1.5	desembolsar	1	saldar	0.5
ahorros	5	fondos	4.5	recursos financieros	4	patrimonio	3.5	portafolio	3	activos	2.5	capital	2	valores	1.5	dep�sitos	1	participaciones	0.5
instituci�n	5	organizaci�n	4.5	empresa	4	compa��a	3.5	agencia	3	ente	2.5	establecimiento	2	corporaci�n	1.5	sociedad	1	firma	0.5
unidades	5	cifras	4.5	n�meros	4	volumen	3.5	total	3										
inmediato	5	expreso	4.5	sin rodeos	4	claro	3.5	sencillo	3	obvio	2.5	concreto	2	evidente	1.5	lineal	1	recto	0.5
antes	5	previamente	4.5	con anterioridad	4	previo	3.5	anteriormente	3	previamente mencionado	2.5								
deuda pendiente	5	monto adeudado	4.5	saldo restante	4	balance pendiente	3.5	deuda acumulada	3	cantidad adeudada	2.5								
verifique	5	valide	4.5	confirme	4	aseg�rese	3.5	compruebe	3	revise	2.5	corrobore	2	const�te	1.5	garantice	1	certifique	0.5
introduzca	5	digite	4.5	escriba	4	complete	3.5	rellene	3	inserte	2.5	proporcione	2	incluya	1.5	coloque	1		
humillado	5	acomplejado	4.5	apenado	4	confundido	3.5	desconcertado	3	inseguro	2.5	inc�modo	2	nervioso	1.5	preocupado	1	abatido	0.5
material	5	aleaci�n	4.5	componente	4	elemento	3.5	sustancia	3	materia prima	2.5	recurso	2	parte met�lica	1.5				
genera	5	proporciona	4.5	produce	4	ofrece	3.5	brinda	3	aporta	2.5	entrega	2	crea	1.5	garantiza	1	permite	0.5
clases	5	estratos	4.5	jerarqu�as	4	estamentos	3.5	grupos privilegiados	3	c�rculos gobernantes	2.5	�lites	2	aristocracias	1.5	nobleza	1	se�or�os	0.5
individuales	5	particulares	4.5	propios	4	privados	3.5	�ntimos	3	familiares	2.5								
mostradas	5	exhibidas	4.5	expuestas	4	detalladas	3.5	desplegadas	3	informadas	2.5	comunicadas	2	reveladas	1.5	divulgadas	1	publicadas	0.5
empleado	5	usado	4.5	aplicado	4	aprovechado	3.5	consumido	3	gastado	2.5	utilizado directamente	2	ejecutado	1.5	emplegado	1		
oce�nica	5	costera	4.5	acu�tica	4	mar�tima	3.5	n�utica	3	litoral	2.5	fluvial	2	lacustre	1.5	ribere�a	1	hidr�ulica	0.5
realizadas	5	efectuadas	4.5	ejecutadas	4	efectivizadas	3.5	concretadas	3	cumplidas	2.5	completadas	2	materializadas	1.5	finalizadas	1		
muebles	5	equipamiento	4.5	amoblamiento	4	elementos decorativos	3.5												
pagos	5	remuneraci�n	4.5	compensaci�n	4	ganancias	3.5	emolumentos	3	ingresos adicionales	2.5	honorarios profesionales	2	tarifas	1.5	beneficios econ�micos	1		
rigurosa	5	met�dica	4.5	sistem�tica	4	l�gica	3.5	anal�tica	3	emp�rica	2.5	probada	2						
constante	5	incesante	4.5	perpetua	4	persistente	3.5	eterna	3	ininterrumpida	2.5	permanente	2	duradera	1.5				
casa	5	hogar	4.5	propiedad	4	domicilio	3.5	residencia	3	inmueble	2.5	morada	2	techo	1.5	alojamiento	1	espacio habitable	0.5
experiment�	5	viv�	4.5	pas� por	4	sufr�	3.5	afront�	3	enfrent�	2.5	padec�	2						
cubrir	5	cumplir	4.5	alcanzar	4	suplir	3.5	complacer	3	saciar	2.5	resolver	2	atender	1.5	asegurar	1		
analiza	5	examina	4.5	investiga	4	observa	3.5	explora	3	comprende	2.5	eval�a	2	aprende sobre	1.5	indaga	1		
me corresponde	5	me justifico	4.5																
antes	5	la v�spera	4.5	tiempo atr�s	4														
provienen	5	se originan	4.5	resultan	4	surgen	3.5	proceden	3	emergen	2.5	se desprenden	2						
abona	5	cancela	4.5	liquida	4	desembolsa	3.5	satisface	3	cumple	2.5	cubre	2	acredita	1.5	salda	1	despeja	0.5
necesita	5	requiere	4.5	busca	4	solicita	3.5	quiere	3	debe conseguir	2.5	desea obtener	2						
organizada	5	met�dica	4.5	disciplinada	4	eficiente	3.5	sistem�tica	3	prolija	2.5	meticulosa	2	cuidadosa	1.5	responsable	1	diligente	0.5
involuntariamente	5	indirectamente	4.5	sin saberlo	4	sin intenci�n	3.5												
desear	5	preferir	4.5	escoger	4	elegir	3.5	seleccionar	3	tomar	2.5	probar	2	degustar	1.5	saborear	1	consumir	0.5
avances	5	desarrollos	4.5	mejoras	4	adelantos	3.5	innovaciones	3	logros	2.5	evoluciones	2	transformaciones	1.5	avanzadas	1	actualizaciones	0.5
flexibilidad	5	dinamismo	4.5	adaptabilidad	4	agilidad	3.5	versatilidad	3	cambiabilidad	2.5	movimiento	2	fluidez	1.5	movilizaci�n	1		
esperanza	5	alegr�a	4.5	confianza	4	positivismo	3.5	entusiasmo	3	buena disposici�n	2.5	felicidad	2	esperanzado/a	1.5	�nimo	1	fe	0.5
cambios	5	fluctuaciones	4.5	modificaciones	4	alteraciones	3.5	transformaciones	3	oscilaciones	2.5	ajustes	2	movimientos	1.5	evoluciones	1	diferencias	0.5
restringirse	5	conformarse	4.5	apegarse	4	ce�irse	3.5	acotar	3	reducirse	2.5	contenerse	2	sujetarse	1.5	encasillarse	1	constre�irse	0.5
general	5	com�n	4.5	amplio	4	extensivo	3.5	mayoritario	3	abundante	2.5	multitudinario	2	masificado	1.5	popular	1		
acelerar	5	facilitar	4.5	optimizar	4	simplificar	3.5	mejorar	3	dinamizar	2.5	agilitar	2	rapidez	1.5	eficientar	1	reducir tiempos	0.5
perspectiva	5	visi�n	4.5	enfoque econ�mico	4	orientaci�n	3.5	enfoque empresarial	3	enfoque productivo	2.5	aproximaci�n	2	m�todo	1.5	manera	1		
lateral	5	paralelo	4.5	lineal	4	comparativo	3.5	proporcional	3	relativo	2.5	equivalente	2	similar	1.5	an�logo	1	consecutivo	0.5
obtener	5	adquirir	4.5	recibir	4	obtenci�n	3.5	ingreso	3	recibimiento	2.5	cobrar	2	percibir	1.5	aceptar	1	tomar	0.5
m�nimos	5	b�sicos	4.5	requeridos	4	obligatorios	3.5	esenciales	3	indispensables	2.5	impuestos	2	establecidos	1.5	prescritos	1	estipulados	0.5
elemento fundamental	5	pilar	4.5	factor esencial	4	ingrediente crucial	3.5	base s�lida	3	cimiento	2.5	fundamento	2	piedra angular	1.5	aspecto primordial	1	condici�n indispensable	0.5
indigencia	5	miseria	4.5	escasez	4	carencia	3.5	privaci�n	3	necesidad	2.5	precariedad	2	desamparo	1.5	marginaci�n	1		
anteriormente mencionado	5	previo	4.5	ya mencionado	4	antedicho	3.5	previamente se�alado	3	expuesto anteriormente	2.5	ya citado	2	antes mencionado	1.5	precedente	1	aludido previamente	0.5
agujero	5	foso	4.5	abismo	4	trampa	3.5	atolladero	3	precipicio	2.5	zanja	2	brecha	1.5	sima	1	caverna	0.5
																			
casas	5	hogares	4.5	residencias	4	inmuebles	3.5	propiedades	3	domicilios	2.5	alojamientos	2	moradas	1.5	habitaciones	1	refugios	0.5
econ�mico	5	monetario	4.5	bancario	4	fiscal	3.5	inversionista	3	monetarista	2.5	mercantil	2	patrimonial	1.5	ahorrador	1	comercial	0.5
detenga: frene	5	derrotismo: des�nimo	4.5	impida: evite	4	dejar: permitir	3.5	haga: realice	3	detenerse: paralizar	2.5	obstaculizar: dificultar	2						
exclusivos	5	�nicos	4.5	dominantes	4	controladores	3.5	sin competencia	3	sin rivalidad	2.5	sin alternativas	2	sin opciones	1.5	sin variedad	1	sin diversidad	0.5
protecci�n	5	seguridad	4.5	resguardo	4	amparo	3.5	salvaguarda	3	garant�a	2.5	defensa	2	escudo	1.5	blindaje	1	cobertura total	0.5
ganancia	5	beneficio	4.5	riqueza	4	provecho	3.5	ventaja	3	plusval�a	2.5	inter�s	2	ingreso	1.5	utilidad neta	1	rentabilidad	0.5
dar	5	entregarle	4.5	presentar	4	remitir	3.5	transferir	3	enviar	2.5	proporcionar	2	suministrar	1.5	dejar	1		
molestia	5	dificultad	4.5	trabajo	4	esfuerzo	3.5	complicaci�n	3	problema	2.5	contratiempo	2	inc�modo	1.5	fastidio	1	incomodidad	0.5
tarjeta bancaria	5	instrumento financiero	4.5	tarjeta electr�nica	4	tarjeta personalizada	3.5												
aprender	5	instruirse	4.5	formarse	4	adquirir conocimientos	3.5	capacitarse	3	estudiar	2.5	entrenarse	2	prepararse	1.5	cultivarse	1	perfeccionarse	0.5
formada	5	conformada	4.5	integrada	4	constituida	3.5	compuesta por	3	compuesta de	2.5	consta de	2	compuesta por	1.5	compuesta de	1	incluida	0.5
convertir	5	procesar	4.5	fabricar	4	elaborar	3.5	crear	3	generar	2.5	producir	2	desarrollar	1.5	manejar	1	utilizar	0.5
impacto	5	consecuencia	4.5	efecto	4	influencia	3.5	ramificaci�n	3	resultado	2.5	secuela	2	huella	1.5	marca	1	connotaci�n	0.5
forzoso	5	inesperado	4.5	no deseado	4	sin elecci�n	3.5	impuesto	3	obligado	2.5	sin control	2	inevitable	1.5	casual	1	no intencional	0.5
tradicionales	5	antiguas	4.5	primitivas	4	nativas	3.5	aut�ctonas	3	locales	2.5	originarias	2	heredadas	1.5	hist�ricas	1	arraigadas	0.5
visi�n general	5	resumen	4.5	perspectiva	4	descripci�n general	3.5	vistazo	3	cuadro general	2.5	s�ntesis	2	panor�mica	1.5	esquema	1	rese�a	0.5
expuestos	5	afectados	4.5	dependientes	4	vulnerables	3.5	susceptibles	3	sometidos	2.5	influidos	2	condicionados	1.5	implicados	1	regidos	0.5
identifican	5	reconocen	4.5	clasifican	4	diferencian	3.5	separan	3	categorizan	2.5	se�alan	2	definen	1.5	disciernen	1	discriminan	0.5
entendido	5	asimilado	4.5	captado	4	aprehendido	3.5	absorbido	3	interiorizado	2.5	adquirido	2	familiarizado	1.5	conocido	1	digerido	0.5
alternativas	5	soluciones	4.5	propuestas	4	posibilidades	3.5	recursos	3	acuerdos	2.5	arreglos	2	oportunidades	1.5				
relacionado	5	vinculado	4.5	conectado	4	ligado	3.5	unido	3	enlazado	2.5	apegado	2	involucrado	1.5	implicado	1	correlacionado	0.5
puedes	5	te corresponde	4.5	puedes obtener	4	est�s autorizado/a	3.5												
arreglar	5	rectificar	4.5	enmendar	4	modificar	3.5	corregir errores	3	solucionar	2.5	aclarar	2	actualizar	1.5	revisar	1	subsanar	0.5
p�rdidas	5	gastos innecesarios	4.5	faltantes	4	drenajes financieros	3.5	desperdicios monetarios	3	filtraciones econ�micas	2.5	desequilibrios presupuestarios	2						
dirige	5	gu�a	4.5	enfoca	4	encamina	3.5	conduce	3	lidera	2.5								
mejorar	5	aumentar	4.5	incrementar	4	potenciar	3.5	optimizar	3	fortalecer	2.5	ampliar	2	subir	1.5	alzar	1	elevarse	0.5
calcular	5	analizar	4.5	estimar	4	medir	3.5	valorar	3	determinar	2.5	revisar	2	verificar	1.5	considerar	1	examinar	0.5
moneda	5	divisa	4.5	efectivo	4	billete	3.5	dinero	3	unidad monetaria	2.5								
contratar: emplear	5	contratar: contratar	4.5	contratar: contrataci�n	4	contratar: incorporar	3.5	contratar: reclutar	3	contratar: seleccionar	2.5	contratar: nombrar	2	contratar: designar	1.5	contratar: enganchar	1		
intereses	5	costos	4.5	cargos	4	comisiones	3.5	tarifas	3	recargos	2.5	sobrecostos	2	cuotas	1.5	impuestos	1	abonos	0.5
involucraban	5	ca�an en	4.5	entraban en	4														
doctores	5	especialistas	4.5	cl�nicos	4	terapeutas	3.5	sanitarios	3	galenos	2.5	practicantes	2	m�dicos tratantes	1.5	facultativos	1		
regularmente	5	c�clicamente	4.5	constantemente	4														
inhabilitado	5	imposibilitado	4.5	inv�lido	4	discapacitado	3.5	limitado	3	inutilizado	2.5	deshabilitado	2	inoperante	1.5				
sugiere	5	ofrece	4.5	plantea	4	presenta	3.5	proporciona	3	recomienda	2.5	invita	2	propugna	1.5	insta	1	aconseja	0.5
detiene	5	suspende	4.5	rompe	4	cesa	3.5	paraliza	3	frena	2.5	pausa	2	cancela	1.5	obstruye	1	retrasa	0.5
facilitan	5	posibilitan	4.5	habilitan	4	conceden	3.5	autorizan	3	propician	2.5	favorecen	2						
adquieren	5	obtienen	4.5	adquieren	4	consiguen	3.5	obtienen	3	consiguen	2.5	adquieren	2	obtienen	1.5				
descubrir	5	determinar	4.5	hallar	4	encontrar	3.5	conocer	3	precisar	2.5	localizar	2	reconocer	1.5	establecer	1	discernir	0.5
empresas	5	agencias	4.5	firmas	4	servicios	3.5	organizaciones	3	negocios	2.5	entidades	2	corporaciones	1.5	sociedades	1	proveedores	0.5
entidades	5	organizaciones	4.5	instituciones	4	bancos	3.5	cooperativas	3	fondos	2.5	sociedades	2	grupos	1.5	asociaciones	1	agencias	0.5
sufre	5	padece	4.5	experimenta cambios	4	vive	3.5	experimenta desequilibrio	3	experimenta alteraciones	2.5	experimenta trastornos	2	experimenta desajustes	1.5	experimenta perturbaciones	1	experimenta descompensaci�n	0.5
enfoque	5	centralizaci�n	4.5	foco	4	priorizaci�n	3.5	acumulaci�n	3	direcci�n	2.5	orientaci�n	2	selecci�n	1.5	agrupamiento	1	dominio	0.5
comercio	5	transacciones	4.5	negocios	4	intercambios comerciales	3.5	trueques	3	acuerdos comerciales	2.5	compra-venta	2	intercambio econ�mico	1.5				
adecuados	5	necesarios	4.5	bastantes	4	completos	3.5	satisfactorios	3	adecuados	2.5	id�neos	2	apropiados	1.5	competentes	1		
guardar	5	reserva	4.5	econom�a	4	previsi�n	3.5	acumulaci�n	3	conservaci�n	2.5	almacenamiento	2	preservaci�n	1.5	retenci�n	1	protecci�n	0.5
cohecho	5	chantaje	4.5	d�diva	4	extorsi�n	3.5	mordida	3	prebenda	2.5	sobornaci�n	2	coima	1.5	comisi�n	1		
