st�r�otypes	5	id�es pr�con�ues	4.5	clich�s	4	discrimination	3.5	parti pris	3	jugements h�tifs	2.5	pr�conceptions	2	pr�jugements	1.5	pr�con�us	1	opinions pr��tablies	0.5
se manifestent	5	�mergent	4.5	surgissent	4	se r�v�lent	3.5	se montrent	3	se d�voilent	2.5	se pr�sentent	2	sont pr�sents	1.5	sont visibles	1	sont perceptibles	0.5
observer	5	remarquer	4.5	constater	4	noter	3.5	discerner	3	percevoir	2.5	d�tecter	2	rep�rer	1.5	saisir	1	comprendre	0.5
comportement irresponsable	5	d�sob�issance civique	4.5	attitude antisociale	4	inconscience collective	3.5	n�gligence sociale	3	d�faillance morale	2.5								
collaboratif	5	interactif	4.5	inclusif	4	coop�ratif	3.5	collectif	3	partag�	2.5	communautaire	2	contributif	1.5	impliqu�	1	engag�	0.5
accept�	5	courant	4.5	r�pandu	4	banal	3.5	commun	3	standardis�	2.5	populaire	2	usuel	1.5	habituel	1	int�gr�	0.5
accept�	5	inclus	4.5	assimil�	4	adopt�	3.5	incorpor�	3	accueilli	2.5	introduit	2	impl�ment�	1.5	familiaris�	1		
c�r�monie	5	union	4.5	noces	4	alliance	3.5	engagement	3	c�l�bration	2.5	f�te	2	r�ception	1.5	c�r�monial	1	lien	0.5
souviens	5	rem�more	4.5	�voque	4	se souvient	3.5	retient	3	m�morise	2.5	revit	2	comm�more	1.5	r�capitule	1	relate	0.5
date	5	journ�e	4.5	c�r�monie	4	�v�nement	3.5	f�te	3	occasion	2.5	union	2	noces	1.5	mariage	1	jour j	0.5
reconnaissent	5	acceptent	4.5	conviennent	4	avouent	3.5	confirment	3	reconfirment	2.5	comprendre que	2	r�alisent	1.5				
occasionnellement	5	� l'occasion	4.5	par intermittence	4														
traditionnelles	5	conventionnelles	4.5	habituelles	4	courantes	3.5	standard	3	usuelles	2.5	ordinaires	2	communes	1.5	�tablies	1	r�guli�res	0.5
accomplir	5	surmonter	4.5	r�aliser	4	accomplissement	3.5	atteindre	3	triompher	2.5	conqu�rir	2	affronter	1.5	poursuivre	1	se lancer	0.5
obstacle	5	�preuve	4.5	challenge	4	mission	3.5	t�che	3	objectif	2.5	aventure	2	exp�rience	1.5	projet	1	qu�te	0.5
r�gions	5	terres	4.5	paysages	4	territoires	3.5	endroits	3	provinces	2.5	zones	2	horizons	1.5	parages	1	fronti�res	0.5
exp�riences	5	souvenirs	4.5	instants	4	rencontres	3.5	�v�nements	3	p�riodes	2.5	occasions	2	moments forts	1.5	moments partag�s	1	temps ensemble	0.5
impact�e	5	frapp�e	4.5	touch�e	4	�mu(e)	3.5	imprim�(e)	3	enregistr�(e)	2.5	ressenti(e)	2	influenc�(e)	1.5	grav�(e)	1	souvenu(e)	0.5
v�cus	5	partag�s	4.5	pass�s ensembles	4	exp�riment�s	3.5	conjointement v�cus	3										
routine	5	tradition	4.5	pratique	4	coutume	3.5	rituel	3	usage	2.5	familiarit�	2	r�p�tition	1.5	fr�quence	1	manie	0.5
�v�nement	5	rassemblement	4.5	r�union	4	c�l�bration	3.5	excursion	3	festivit�	2.5	rassemblement social	2	rencontre amicale	1.5	occasion sp�ciale	1	rassemblement convivial	0.5
se r�unir	5	se retrouver	4.5	se rassembler	4	se regrouper	3.5	se rejoindre	3	se r�jouir	2.5	renouer	2	revoir	1.5				
nourriture malsaine	5	aliments nocifs	4.5	repas d�s�quilibr�s	4	junk food	3.5	restauration rapide	3	cuisine industrielle	2.5								
certitude	5	�vidence flagrante	4.5	clairvoyance	4	�vidence criante	3.5	ind�niablement	3	manifeste	2.5	incontestablement	2	�vident	1.5	apparent	1	constatation	0.5
sature	5	submerge	4.5	inonde	4	envahit	3.5	accable	3	encombre	2.5	assaille	2	�touffe	1.5	�puise	1	surcharge	0.5
m�moires	5	rappels	4.5	reminiscences	4	r�miniscences	3.5	souvenances	3	�vocations	2.5	souvenirs d'enfance	2	flashbacks	1.5	souvenirs personnels	1		
racont�es	5	partag�es	4.5	communiqu�es	4	transf�r�es	3.5	propag�es	3	diffus�es	2.5	enseign�es	2	h�rit�es	1.5	inculqu�es	1		
changent	5	se modifient	4.5	se transforment	4	se m�tamorphosent	3.5	se d�veloppent	3	se transposent	2.5	s'adaptent	2	se transforment	1.5	se modulent	1		
�crire	5	cr�er	4.5	imaginer	4	fabriquer	3.5	concevoir	3	�laborer	2.5	inventer	2	construire	1.5				
tourn�e musicale	5	tourn�e d'artistes	4.5	tourn�e promotionnelle	4														
groupe	5	ensemble	4.5	�quipe	4	formation	3.5	collectif	3	compagnie	2.5	bande	2	orchestre	1.5	troupeau	1	cohorte	0.5
objet	5	article	4.5	�l�ment	4	parure	3.5	ornement	3	adornment	2.5	attribut	2	apparat	1.5	garniture	1	d�coration	0.5
int�r�t	5	engouement	4.5	amour	4	d�votion	3.5	enthousiasme	3	pr�f�rence	2.5	obsession	2	go�t	1.5	penchant	1	attrait	0.5
montre	5	d�voile	4.5	expose	4	manifeste	3.5	d�montre	3	illustre	2.5	t�moigne	2	exprime	1.5	d�clare	1		
tourneraient	5	bougeraient	4.5	oscilleraient	4	balanceraient	3.5	vireraient	3	se d�placeraient	2.5	se retourneraient	2	s'orienteraient diff�remment	1.5				
restent	5	gardent	4.5	maintiennent	4	conserveraient	3.5	sont maintenues	3	restent stables	2.5								
voyageurs	5	vacanciers	4.5	visiteurs	4	explorateurs	3.5	excursionnistes	3	p�lerins	2.5	globetrotteurs	2	aventuriers	1.5	nomades	1		
s'engagerait	5	prendrait part	4.5	serait impliqu�	4	contribuerait �	3.5	participerait activement	3	soutiendrait	2.5	collaborerait �	2	adh�rerait �	1.5				
projet	5	action	4.5	d�marche	4	mouvement	3.5	campagne	3	engagement	2.5	proposition	2	activit�	1.5	programme	1	op�ration	0.5
prot�ger	5	pr�server	4.5	sauvegarder	4	soutenir	3.5	promouvoir	3	garder	2.5	maintenir	2	veiller sur	1.5	s�curiser	1		
fumeurs professionnels	5	fumeurs r�guliers	4.5																
heureux	5	contents	4.5	combl�s	4	ravis	3.5	enchant�s	3	r�jouis	2.5	plaisants	2	agr�ables	1.5	joyeux	1		
principalement	5	essentiellement	4.5	g�n�ralement	4	fondamentalement	3.5	en majorit�	3	dans l'ensemble	2.5								
diminuer	5	baisser	4.5	limiter	4	restreindre	3.5	amoindrir	3	att�nuer	2.5	mod�rer	2	abaisser	1.5				
expert	5	professionnel	4.5	connaisseur	4	sp�cialis�	3.5	comp�tent	3	habile	2.5	qualifi�	2	sachant	1.5	vers�	1	chevronn�	0.5
rappel	5	souvenir	4.5	retenue	4	rem�moration	3.5	r�miniscence	3	enregistrement mental	2.5								
esprit	5	intellect	4.5	pens�es	4	m�moire	3.5	raisonnement	3	conscience	2.5	mental	2	cognitif	1.5	enc�phale	1		
renvoy�	5	cong�di�	4.5	vir�	4	exclu	3.5	�cart�	3	d�barqu�	2.5	expuls�	2						
erreur	5	infraction	4.5	manquement	4	violation	3.5	mauvaise conduite	3	inconduite professionnelle	2.5	n�gligence	2	d�faut	1.5	faiblesse	1	faux pas	0.5
s�rieux	5	important	4.5	majeur	4	critique	3.5	pr�occupant	3	capital	2.5	crucial	2	d�terminant	1.5	essentiel	1	d�cisif	0.5
contribution	5	soutien financier	4.5	don	4	parrainage	3.5	subvention	3	appui financier	2.5	financement collaboratif	2	crowdfunding	1.5				
collaboratif	5	collectif	4.5	communautaire	4	solidaire	3.5	coop�ratif	3	mutualis�	2.5	partag�	2	contributif	1.5	entraide	1		
p�riode	5	campagne	4.5	�v�nement	4	programme	3.5	ann�e	3	temps	2.5	s�rie	2	session	1.5	cycle	1	dur�e	0.5
remarque	5	observe	4.5	note	4	rel�ve	3.5	d�couvre	3	r�alise	2.5	voit	2	v�rifie	1.5	s'aper�oit	1		
facture d'utilisation	5	d�compte mensuel	4.5	rapport financier	4														
facture	5	calculer	4.5	inclure	4	ajouter	3.5	estimer	3	pr�voir	2.5	comprendre	2	�valuer	1.5	d�terminer	1	charger	0.5
accomplissements	5	exploits	4.5	succ�s	4	performances	3.5	r�ussites	3	progr�s	2.5	avanc�es	2	atteintes	1.5	triomphes	1	faits marquants	0.5
honorent	5	distinction	4.5	c�l�brer	4	encouragent	3.5	gratifient	3	saluent	2.5	f�licitent	2	encensent	1.5	r�tribuent	1		
remarquables	5	remarqu�es	4.5	remarquables	4	extraordinaires	3.5	impressionnantes	3	notables	2.5	�tonnantes	2	brillantes	1.5	�m�rites	1	distingu�es	0.5
acrobate	5	�quilibriste	4.5	funambuliste	4	acrobatie a�rienne	3.5	funiculaire	3	contorsionniste	2.5								
profession	5	activit�	4.5	vocation	4	emploi	3.5	carri�re	3	occupation	2.5	travail	2	fonction	1.5	mission	1	t�che	0.5
fa�on	5	mode	4.5	style	4	approche	3.5	m�thode	3	pratique	2.5	technique	2	proc�d�	1.5	habitude	1	attitude	0.5
ignorent	5	sous-estiment	4.5	n�gligent	4	minimisent	3.5	d�daignent	3	rabaissement	2.5	m�prisent	2	incompr�hension	1.5	ignorance	1	d�nigrent	0.5
agacent	5	d�rangent	4.5	importunent	4	irritent	3.5	lassent	3	fatiguent	2.5	�puisent	2	emb�tent	1.5	ennuyent	1	exasp�rent	0.5
insultent	5	offensent	4.5	blessent	4	humilient	3.5	d�daignent	3	rabaissement	2.5	m�prisent	2	d�shonorent	1.5	injurient	1	provocateurs	0.5
�gocentriques	5	vaniteux	4.5	�go�stes	4	pr�tentieux	3.5	nombrilistes	3	�gomanes	2.5	suffisants	2	arrogants	1.5	egocentr�s	1		
ind�cis	5	h�sitants	4.5	procrastinateurs	4	ind�cisifs	3.5	dubitatifs	3	h�sitants	2.5	ind�cisifs	2	fluctuants	1.5	incertains	1	ambivalents	0.5
groupes	5	types	4.5	classes	4	divisions	3.5	sections	3	cat�gories principales	2.5	distinctions	2	vari�t�s	1.5	classes distinctes	1	types distincts	0.5
d�sastres	5	calamit�s	4.5	fl�aux	4	trag�dies	3.5	sinistres	3	accidents	2.5	malheurs	2	�preuves	1.5	d�solations	1	ravages	0.5
m�t�o extr�me	5	temp�tes	4.5	d�sastres naturels	4	calamit�s atmosph�riques	3.5	perturbations climatiques	3	d�r�glements m�t�orologiques	2.5	tourmentes	2						
temp�tes	5	cyclones	4.5	typhons	4	tourbillons	3.5	temp�tes tropicales	3	tornades	2.5	vents violents	2	perturbations atmosph�riques	1.5				
hausse	5	augment	4.5	�l�vation	4	accroissement	3.5	mont�e	3	croissance	2.5	progression	2	majoration	1.5	augmentatif	1	surplus	0.5
articles	5	marchandises	4.5	biens	4	denr�es	3.5	�l�ments	3	objets	2.5	fournitures	2	commodit�s	1.5	n�cessit�s	1		
manifest�	5	d�nonc�	4.5	protest�	4														
enthousiasme	5	stimule	4.5	excite	4	enivre	3.5	transporte	3	ravit	2.5	enchante	2	galvanise	1.5	�merveille	1	passionne	0.5
incroyable	5	extraordinaire	4.5	passionnant	4	�poustouflant	3.5	excitant	3	enivrant	2.5	captivant	2	fabuleux	1.5	merveilleux	1	stup�fiant	0.5
camarades	5	potes	4.5	copains	4	compagnons	3.5	coll�gues	3	connaissances	2.5	alli�s	2	partenaires	1.5	proches	1	camaraderie	0.5
�valuer	5	critiquer	4.5	bl�mer	4	condamner	3.5	r�primander	3	censurer	2.5	discerner	2	examiner	1.5	appr�cier	1	d�terminer	0.5
actions	5	attitudes	4.5	conduites	4	gestes	3.5	habitudes	3	mani�res	2.5	pratiques	2	r�actions	1.5	r�flexes	1	usages	0.5
critiquer	5	condamner	4.5	r�prouver	4	bl�mer	3.5	d�plorer	3	d�sapprouver	2.5	stigmatiser	2	r�primander	1.5	censurer	1	d�savouer	0.5
nourriture	5	repas	4.5	provisions	4	denr�es	3.5	vivres	3	subsistance	2.5	provisions	2	comestibles	1.5	provisions alimentaires	1		
comestible	5	digestible	4.5	appropri�	4	acceptable	3.5	tol�rable	3	admissible	2.5	utilisable	2	consomm�	1.5	ing�rable	1	assimilable	0.5
circonstances actuelles	5	conditions pr�sentes	4.5	conjuncture actuelle	4	environnement actuel	3.5	contexte actuel	3	r�alit� actuelle	2.5								
inqui�ter	5	soucier	4.5	alarmer	4	troubler	3.5	affecter	3	concerner	2.5	int�resser	2	angoisser	1.5	tourmenter	1	effrayer	0.5
r�gions	5	zones	4.5	espaces	4	contr�es	3.5	provinces	3	localit�s	2.5	secteurs	2	endroits	1.5	lieux	1	parcelles	0.5
types	5	sortes	4.5	variations	4	formes	3.5	genres	3	cat�gories	2.5	races	2	esp�ces distinctes	1.5	diversit�s	1	variantes	0.5
inventori�es	5	d�nomb�es	4.5	r�pertori�es	4	comptabilis�es	3.5	enregistr�es	3	r�pertori�es	2.5	identifi�es	2	cat�goris�es	1.5	r�pertori�es	1	classifi�es	0.5
similaires	5	li�es	4.5	proches	4	parentes	3.5	connexes	3	associ�es	2.5	analogues	2	affines	1.5	apparent�es g�n�tiquement	1		
textes	5	�crits	4.5	contributions	4	billets	3.5	r�dactions	3	papiers	2.5	chroniques	2	opinions	1.5	essais	1	contenus	0.5
r�dig�s	5	compos�s	4.5	cr��s	4	�labor�s	3.5	formul�s	3	produits	2.5	con�us	2	fabriqu�s	1.5				
non-professionnels	5	passionn�s	4.5	d�butants	4	novices	3.5	enthousiastes	3	autodidactes	2.5	n�ophytes	2	amateurs �clair�s	1.5	curieux	1	dilettantes	0.5
passionn�	5	affam�	4.5	assoiff�	4	curieux	3.5	vorace	3	d�sireux	2.5	insatiable	2	enthousiaste	1.5	fervent	1	d�vorant	0.5
connaissance	5	savoir	4.5	�ducation	4	enrichissement	3.5	instruction	3	apprentissage	2.5	�rudition	2	patrimoine	1.5	tradition	1	h�ritage	0.5
partage	5	diffuse	4.5	�dite	4	propage	3.5	affiche	3	communique	2.5	fait conna�tre	2	lance	1.5				
commercialise	5	vendre	4.5	�changer	4	c�der	3.5	ali�ner	3	n�gocier	2.5	distribuer	2						
scrutin	5	suffrage	4.5	vote	4	choix	3.5	d�signation	3	s�lection	2.5	�lection pr�sidentielle	2	�lection l�gislative	1.5	�lection municipale	1	r�f�rendum	0.5
prochaines	5	� venir	4.5	� venir	4	futures	3.5	� venir	3	imminentes	2.5	prochaines	2	prochaines	1.5	� venir	1	ult�rieures	0.5
tenues	5	conduites	4.5	planifi�es	4	programm�es	3.5	d�roul�es	3										
chercheurs	5	experts	4.5	sp�cialistes	4	biologistes	3.5	naturalistes	3	zoologistes	2.5	oc�anographes	2	ichtyologues	1.5				
d�veloppement	5	changement	4.5	transformation	4	progression	3.5	adaptation	3	mutation	2.5	croissance	2	am�lioration	1.5	�volutionnement (n�ologisme)	1	m�tamorphose	0.5
animaux aquatiques	5	cr�atures marines	4.5	esp�ces aquatiques	4	faune marine	3.5	cr�atures nageantes	3	vies aquatiques	2.5	organismes marins	2	animaux nageurs	1.5				
bateaux	5	canots	4.5	chaloupes	4	embarcations	3.5	navires	3	pirogues	2.5	radeaux	2	sampanes	1.5	skiffs	1	yoles	0.5
avancent	5	se d�placent	4.5	progressent	4	naviguent	3.5	se dirigent	3	foncent	2.5	glissent	2	se meuvent	1.5				
pagayeurs	5	nageurs	4.5	voguers	4	avironneurs	3.5	bateliers	3	mariniers	2.5	pousseurs	2	man�uvriers	1.5				
prix	5	d�pense	4.5	tarif	4	frais	3.5	budget	3	montant	2.5	somme	2	investissement	1.5	valeur mon�taire	1	d�bours	0.5
d�passe	5	surpasse	4.5	surmonte	4	franchit	3.5	d�borde	3	surpassement	2.5	outrepasse	2	surpasse largement	1.5				
conception	5	�laboration	4.5	fabrication	4	production	3.5	d�veloppement	3	construction	2.5	r�alisation	2	assemblage	1.5	formation	1		
arrogant	5	pr�tentieux	4.5	vaniteux	4	hautain	3.5	suffisant	3	orgueilleux	2.5	snob	2	pr�tencieux	1.5	affect�	1		
modeste	5	simple	4.5	discret	4	humblement	3.5	sans pr�tention	3	mod�r�	2.5	r�serv�	2	humblement	1.5	sans arrogance	1	humblement	0.5
arrogant	5	pr�tentieux	4.5	vaniteux	4	orgueilleux	3.5	suffisant	3	hautain	2.5	condescendant	2	snob	1.5	egocentrique	1		
bravoure	5	audace	4.5	t�m�rit�	4	hardiesse	3.5	intr�pidit�	3	vaillance	2.5	d�termination	2	r�solution	1.5	fermet�	1	force	0.5
manifestation	5	r�volte	4.5	contestation	4	revendication	3.5	opposition	3	r�bellion	2.5	r�sistance	2	d�fiance	1.5	insurrection	1	soul�vement	0.5
r�solution	5	pers�v�rance	4.5	volont�	4	t�nacit�	3.5	fermet�	3	d�cision	2.5	engagement	2	endurance	1.5	opini�tret�	1		
pourcentage	5	proportion	4.5	niveau	4	ratio	3.5	fr�quence	3	part	2.5	mesure	2	indice	1.5	statistique	1	�valuation	0.5
compr�hension	5	consultation	4.5	parcours	4	exploration	3.5	visionnage	3	analyse	2.5	examen	2	d�couverte	1.5	�tude	1	assimilation	0.5
consid�rable	5	significatif	4.5	crucial	4	essentiel	3.5	d�terminant	3	primordial	2.5	fondamental	2	capital	1.5	indispensable	1	vital	0.5
mentionn�	5	cit�	4.5	parl� de	4	abord�	3.5	�voqu� bri�vement	3	soulev�	2.5	discut� de	2						
allocution	5	intervention	4.5	adresse	4	harangue	3.5	conf�rence	3	expos�	2.5	d�claration	2	sermon	1.5	oraison	1		
attaque	5	acte terroriste	4.5	attentat-suicide	4	fusillade	3.5	massacre	3	violence extr�miste	2.5	incursion violente	2						
signe	5	pr�diction	4.5	augure	4	indication	3.5	pr�monition	3	omen	2.5	proph�tie	2	symbole	1.5	pr�somption	1	divination	0.5
chatouille	5	d�mange	4.5	pique	4	irrite	3.5	g�ne	3	titille	2.5	picote	2	agace	1.5	frotte	1	caresse	0.5
arriv�e	5	gain	4.5	entr�e d'argent	4	versement	3.5	paiement	3	apport financier	2.5	profit	2	revenu suppl�mentaire	1.5	retour d'argent	1	d�p�t	0.5
chansons originales	5	cr�ations musicales	4.5	pi�ces musicales	4	oeuvres musicales	3.5	chants �crits	3	m�lodies �crites	2.5	musiques originales	2	airs compos�s	1.5	chansons �crites	1		
modifier	5	r�interpr�ter	4.5	adapter	4	transformer	3.5	personnaliser	3	revisiter	2.5	remanier	2	r�arranger	1.5	retravailler	1	r�inventer	0.5
morceaux	5	titres	4.5	m�lodies	4	airs	3.5	r�pertoire	3	tubes	2.5	musiques	2	sonorit�s	1.5	interpr�tations	1	adaptations	0.5
espion	5	agent secret	4.5	agent d'espionnage	4	agent d'�coute	3.5												
informations	5	donn�es	4.5	intelligence	4	espionnage	3.5	surveillance	3	�coutes t�l�phoniques	2.5	espionnage �lectronique	2						
rassemblait	5	recueillait	4.5	amassait	4	accumulait	3.5	enregistrait	3	capturait	2.5	stockait	2	acqu�rait	1.5	obtenait	1	conservait	0.5
commencements	5	premiers temps	4.5	origines	4	naissances	3.5	gen�ses	3	d�veloppements initiaux	2.5	premi�res �tapes	2	fondations	1.5	�mergences	1		
remarque	5	d�tecte	4.5	discerne	4	saisit	3.5	comprend	3	reconna�t	2.5	identifie	2	note	1.5	observe	1	aper�oit	0.5
mentalit�	5	attitude	4.5	humour	4	pens�e	3.5	perspective	3	�tat d'esprit	2.5	approche	2	compr�hension	1.5	perception	1		
falsifi�es	5	contrefaites	4.5	trompeuses	4	frauduleuses	3.5	simul�es	3	impropres	2.5	fallacieuses	2	d�tourn�es	1.5	fauss�es	1	contrefaites	0.5
sites web	5	url	4.5	liens	4	pages	3.5	portails	3	magasins virtuels	2.5	adresses �lectroniques	2	urls frauduleuses	1.5				
souhaitons	5	d�sirons	4.5	esp�rons	4	voulons	3.5	pr�f�rons	3	ambitionnons	2.5	recherchons	2	visons	1.5	attendons	1	souhaiterions	0.5
pr�vaut	5	triomphe	4.5	domine	4	gagne	3.5	surpasse	3	l'emporte sur	2.5	surmonte	2	vainc	1.5				
�go�sme	5	�gocentrisme	4.5	individualit�	4	autonomie	3.5	ind�pendance	3	�gocentrisme	2.5	narcissisme	2	solitude	1.5	isolement	1	�gocentrique	0.5
termes	5	expressions	4.5	vocabulaire	4	lexique	3.5	jargon	3	phrases	2.5	concepts	2	id�es	1.5	symboles	1	langage	0.5
intraduisibles	5	incompr�hensibles	4.5	insaisissables	4	ind�chiffrables	3.5	intraductibles	3	ind�finissables	2.5	ambigus	2	�quivoques	1.5	complexes	1	d�licats	0.5
sens	5	interpr�tations	4.5	d�finitions	4	connotations	3.5	acceptions	3	explications	2.5	compr�hensions	2	concepts	1.5	id�es	1	nuances	0.5
futuriste	5	visionnaire	4.5	pr�visionniste	4	anticipateur	3.5	pr�voyant	3	proph�te	2.5	pr�dictif	2	prospecteur	1.5	avant-gardiste	1	pionnier	0.5
c�l�bre	5	renomm�	4.5	illustre	4	r�put�	3.5	connu	3	�minent	2.5	distingu�	2	notoire	1.5	marquant	1	remarquable	0.5
expert-conseil	5	consultant	4.5	mentor	4	guide	3.5	coach	3	sp�cialiste-conseil	2.5								
d�claration	5	argumentation	4.5	opinion	4	position	3.5	th�se	3	expos�	2.5	proposition	2	affirmation	1.5				
infirme	5	r�fute	4.5	d�ment	4	r�pudie	3.5	invalide	3	r�voque	2.5	d�fie	2	d�savoue	1.5	contrarie	1	s'oppose	0.5
v�rit�	5	faits	4.5	r�el	4	pratique	3.5	concr�tude	3	existence	2.5	actuel	2	tangible	1.5	concret	1	v�cu	0.5
action	5	initiative	4.5	d�cision	4	disposition	3.5	d�marche	3	strat�gie	2.5	plan	2	politique	1.5	solution	1	approche	0.5
pr�jug�s	5	clich�s	4.5	id�es re�ues	4	conceptions erron�es	3.5	�tiquettes	3	cat�gorisations	2.5	attentes sociales	2	discriminations	1.5	normes restrictives	1	�tiquetages	0.5
endur�es	5	support�es	4.5	v�cues	4	souffertes	3.5	exp�riment�es	3	endurcies	2.5	affront�es	2	confront�es	1.5	encourues	1		
calcule	5	pr�voit	4.5	�value	4	consid�re	3.5	suppute	3	pense	2.5	croit	2	est convaincu	1.5	affirme	1	sugg�re	0.5
morts	5	disparitions	4.5	d�c�s pr�matur�s	4	tr�pas	3.5	fins tragiques	3	pertes humaines	2.5								
mentionne	5	signale	4.5	remarque	4	indique	3.5	souligne particuli�rement	3	fait remarquer	2.5								
mari	5	futur mari�	4.5	groom	4	fianc�	3.5	conjoint	3	promis	2.5	amoureux	2	compagnon	1.5				
courant	5	r�pandu	4.5	commun	4	populairement accept�	3.5	bien connu	3	traditionnel	2.5	c�l�bre	2	populiste	1.5				
mariage	5	f�te	4.5	c�l�bration	4	union	3.5	noces	3	r�ception	2.5	festivit�s	2	rassemblement	1.5	�v�nement	1	rituel	0.5
d�claration	5	proclamation	4.5	programme	4	plaidoyer	3.5	revendication	3	positionnement	2.5	propositions	2	plateforme	1.5				
disparit�s	5	in�galit�s	4.5	diff�rences	4	divisions	3.5	lacunes	3	distances	2.5	s�parations	2	contrastes	1.5	divergences	1	d�ficits	0.5
montrent	5	prouvent	4.5	illustrent	4	r�v�lent	3.5	t�moignent	3	manifestent	2.5	confirment	2	d�voilent	1.5	�tablissent	1		
b�timents	5	tours	4.5	�difices	4	constructions	3.5	r�sidences	3	habitations	2.5	logements	2	appartements	1.5	demeures	1		
accord�	5	autoris�	4.5	octroy�	4	donn�	3.5	approuv�	3	confi�	2.5	remis	2	accr�dit�	1.5	permis accord�	1		
plan	5	programme	4.5	initiative	4	proposition	3.5	id�e	3	concept	2.5	design	2	sch�ma	1.5	am�nagement	1		
comportement	5	mani�re d'�tre	4.5	fa�on d'agir	4	positionnement	3.5	posture	3	disposition	2.5	temp�rament	2	conduite	1.5	approche	1	style	0.5
commentaires	5	critiques	4.5	observations	4	jugements	3.5	remontrances	3	bl�mes	2.5	r�primandes	2	censures	1.5	avertissements	1	conseils	0.5
individualiste	5	�gocentrique	4.5	narcissique	4	�gocentr�	3.5	auto-centr�	3										
lire	5	identifier	4.5	comprendre	4	d�coder	3.5	reconna�tre	3	analyser	2.5	interpr�ter	2	d�voiler	1.5	d�crypter	1		
panneau	5	signalisation	4.5	�tiquette	4	plaque d'identification	3.5	marque	3	indication	2.5	enseigne	2	tableau	1.5	insigne	1	placard	0.5
voie	5	all�e	4.5	chemin	4	passage	3.5	ruelette	3	ruelle	2.5	impasse	2	sentier	1.5	boulevard	1	avenue	0.5
genre	5	cat�gorie	4.5	forme	4	mod�le	3.5	vari�t�	3	style	2.5	classe	2	sorte	1.5	esp�ce	1	exemple	0.5
arr�ter	5	contr�ler	4.5	contenir	4	limiter	3.5	r�duire	3	ma�triser	2.5	freiner	2	stopper	1.5	emp�cher	1	juguler	0.5
probl�me	5	mal	4.5	d�sastre	4	catastrophe	3.5	calamit�	3	plaie	2.5	malheur	2	peste	1.5	�pid�mie	1	dommage	0.5
d�rangement	5	hyst�rie	4.5	fr�n�sie	4	d�mence	3.5	fureur	3	d�cha�nement	2.5	d�raison	2	ali�nation	1.5	insanit�	1	d�lire	0.5
groupe	5	clique	4.5	amis	4	compagnie	3.5	�quipe	3	fraternit�	2.5	camaraderie	2	clan	1.5	cercle d'amis	1	squad	0.5
amis	5	camarades	4.5	potes	4	complices	3.5	compagnons	3	coll�gues	2.5	associ�s	2	alli�s	1.5	partenaires	1	acolytes	0.5
touch�s	5	affect�s	4.5	souffrants	4	expos�s	3.5	confront�s	3	impact�s	2.5	vuln�rables	2	d�favoris�s	1.5	d�munis	1	opprim�s	0.5
affecte	5	atteint	4.5	frappe	4	impacte	3.5	concerne	3	implique	2.5	influe sur	2	pr�occupe	1.5				
�tude	5	analyse	4.5	enqu�te	4	bilan	3.5	�valuation	3	synth�se	2.5	compte-rendu	2	statistiques	1.5	donn�es	1	r�sultats	0.5
facteurs	5	�l�ments	4.5	indicateurs	4	param�tres	3.5	mesures	3	caract�ristiques	2.5	standards	2	conditions	1.5	pr�requis	1		
se d�marquent	5	excellent	4.5	se distinguent	4	se surpassent	3.5	sont remarquables	3	sont remarqu�s	2.5								
culinaires	5	de qualit�	4.5	raffin�s	4	gourmands	3.5	d�licieux	3	savoureux	2.5	exquis	2	succulents	1.5	fins	1		
engagement	5	participation	4.5	investissement	4	contribution	3.5	implication active	3	pr�sence	2.5	action	2	d�vouement	1.5	collaboration	1	entraide	0.5
comp�tences	5	aptitudes	4.5	habilet�s	4	talents	3.5	connaissances techniques	3	savoirs pratiques	2.5	expertises	2	capacit�s	1.5	ma�trise	1	dext�rit�	0.5
relationnels	5	interpersonnels	4.5	communicatifs	4	collaboratifs	3.5	humains	3	conviviaux	2.5	amicaux	2	empathiques	1.5	sympathiques	1	sociables	0.5
sp�cialit�s	5	domaines d'�tudes	4.5	branches professionnelles	4	secteurs d'activit�	3.5	m�tiers	3	parcours professionnels	2.5	cursus scolaires	2						
d�sert�es	5	d�peupl�es	4.5	vid�es	4	d�pourvues	3.5	d�sertiques	3	abandonn�es	2.5	d�munies	2	�puis�es	1.5	d�laiss�es	1	faibles	0.5
groupes	5	sections	4.5	cours	4	niveaux	3.5	divisions	3	ensembles	2.5	cohortes	2	unit�s d'enseignement	1.5	cat�gories d'�l�ves	1	regroupements	0.5
maison	5	r�sidence	4.5	habitation	4	logement	3.5	villa	3	chalet	2.5	manoir	2	domaine	1.5	propri�t�	1	g�te	0.5
ressentent	5	appr�cient	4.5	aiment bien	4														
affection	5	bienveillance	4.5	empathie	4	compr�hension	3.5	amour	3	compassion	2.5	attachement	2	soutien	1.5	solidarit�	1	admiration	0.5
effectu�e	5	men�e	4.5	conduite	4	ex�cut�e	3.5	accomplie	3	effectu�e	2.5	entreprise	2	faite	1.5	pratiqu�e	1	op�r�e	0.5
maison	5	foyer	4.5	domicile	4	logement	3.5	r�sidence	3	habitation	2.5	chez soi	2	refuge	1.5	nid familial	1		
logement	5	h�bergement	4.5	environnement d'accueil	4	am�nagements	3.5	installations	3	dispositions	2.5	modalit�s d'h�bergement	2						
logement	5	h�bergement temporaire	4.5	r�sidence	4	domicile	3.5	g�te	3	pension	2.5	auberge	2	chambre d'h�tes	1.5	location	1	habitat	0.5
accentuer	5	intensifier	4.5	souligner	4	exag�rer	3.5	amplifier	3	marquer	2.5	appuyer	2	insister	1.5	rehausser	1		
diff�rence	5	opposition	4.5	distinction	4	divergence	3.5	dissemblance	3	dualit�	2.5	variation	2	disparit�	1.5	antith�se	1	conflit	0.5
mouvements	5	posture	4.5	attitude	4	mani�res	3.5	comportement	3	gestes	2.5	expressions corporelles	2	d�marche	1.5	mimiques	1	actions physiques	0.5
recevoir	5	acqu�rir	4.5	atteindre	4	gagner	3.5	r�aliser	3	avoir	2.5	trouver	2	d�crocher	1.5	remporter	1	se procurer	0.5
coh�rence	5	�quilibre	4.5	consonance	4	accord	3.5	sym�trie	3	uniformit�	2.5	consistance	2	conformit�	1.5	correspondance	1	compl�mentarit�	0.5
similaire	5	�gal	4.5	pareil	4	correspondant	3.5	conforme	3	analogique	2.5	homog�ne	2	uniforme	1.5	coh�rent	1		
sph�res	5	secteurs	4.5	champs	4	milieux	3.5	terrains	3	domaines d'activit�	2.5	environnements	2	univers	1.5	sp�cialit�s	1	branches	0.5
important	5	crucial	4.5	primordial	4	fondamental	3.5	n�cessaire	3	vital	2.5	indispensable	2	capital	1.5	incontournable	1	imp�ratif	0.5
accomplir	5	r�aliser	4.5	ex�cuter	4	faire	3.5	s'acquitter de	3										
angle	5	pose	4.5	perspective	4	composition	3.5	placement	3	emplacement	2.5	pr�sentation	2	vue	1.5				
flatteuse	5	avantageuse	4.5	flatteur	4	avantageux	3.5	flatteusement	3	avantageusement	2.5	favorable	2	attrayante	1.5	s�duisante	1	�logieuse	0.5
position	5	attitude	4.5	gestuelle	4	pr�sentation	3.5	apparence	3	positionnement	2.5	composition	2	positionnement corporel	1.5	tenue	1		
donnerait	5	allouerait	4.5	distribuerait	4	remettrait	3.5	octroierait	3	accorderait	2.5	d�poserait	2	transf�rerait	1.5	livrerait	1	offrirait	0.5
sans condition	5	sans restriction	4.5	sans exigence	4	sans contrepartie	3.5	sans limitation	3	sans contrainte	2.5	sans exception	2	universelle	1.5	totale	1	absolue	0.5
allocation	5	revenu	4.5	aide financi�re	4	subvention	3.5	montant d'argent	3	pension	2.5	indemnit�	2	r�mun�ration	1.5	prestation	1	dotation	0.5
amusant	5	dr�le	4.5	jovial	4	enjou�	3.5	espi�gle	3	fac�tieux	2.5	comique	2	plaisant	1.5	rigolo	1	divertissant	0.5
pr�destin�s	5	vou�s	4.5	destin�s �	4	appel�s �	3.5	condamn�s �	3	promis �	2.5	destin�s pour	2	vou�s pour	1.5	destin�s vers	1	orient�s vers	0.5
stagiaires	5	d�butants	4.5	novices	4	�l�ves	3.5	apprentissants	3	aspirants	2.5	disciples	2	apprentis-artisans	1.5	apprentis-ouvriers	1		
embaucher	5	engager	4.5	s�lectionner	4	choisir	3.5												
fa�on	5	mani�re	4.5	approche	4	m�thode	3.5	technique	3	mode	2.5	genre	2	forme	1.5	tonalit�	1	expression	0.5
�criture	5	composition	4.5	r�dig�	4	formulation	3.5	expression	3	r�dactionnel	2.5	r�dig�(e)	2	pr�sentation �crite	1.5				
soir�es	5	rassemblements	4.5	contes	4	r�cits	3.5	f�tes	3	c�r�monies	2.5	rencontres	2	festivit�s	1.5	r�unions	1	assembl�es	0.5
conteurs	5	troubadours	4.5	bardes	4	musiciens itin�rants	3.5	r�citants	3	po�tes oraux	2.5	chanteurs traditionnels	2	m�nestrels	1.5	jongleurs	1	raconteurs	0.5
histoire	5	conte	4.5	l�gende	4	mythe	3.5	fable	3	saga	2.5	�pop�e	2	r�citation	1.5	narration	1	anecdote	0.5
cr�e	5	�labore	4.5	con�oit	4	fabrique	3.5	invente	3	produit	2.5	�difie	2	construit	1.5				
m�langes	5	combinaisons	4.5	assortiments m�lang�s	4	vari�t�s combin�es	3.5	s�lection mixte	3	vari�t�s diverses	2.5	assortiment vari�	2						
m�lang�es	5	combin�es	4.5	associ�es	4	fusionn�es	3.5	interm�lang�es	3	entrem�l�es	2.5	m�langes vari�s	2	assorties	1.5	diversifi�es	1	h�t�rog�nes	0.5
pourcentage	5	part	4.5	ratio	4	taux	3.5	proportionnalit�	3	nombre relatif	2.5	fr�quence	2	portion	1.5	r�partition	1		
en surpoids	5	gros	4.5	forts	4	corpulents	3.5	rondouillards	3	potel�s	2.5	dodus	2	gras	1.5	surcharge pond�rale	1		
augmentant	5	grimpant	4.5	progressant	4	�voluant	3.5	augment�	3	accru	2.5	mont�	2	doubl�	1.5	multipli�	1		
combl�es	5	remplies	4.5	occup�es	4	remplies	3.5	remplac�es	3	assur�es	2.5	satisfaites	2	accomplies	1.5	r�alis�es	1	attribu�es	0.5
postulants	5	demandeurs d'emploi	4.5	aspirants	4	requ�rants	3.5	pr�tendants	3	chercheurs d'emploi	2.5	postulants qualifi�s	2	recherch�s	1.5	soumissionnaires	1	aspirants qualifi�s	0.5
comp�tents	5	exp�riment�s	4.5	habiles	4	qualifi�s professionnellement	3.5	aptes	3	talentueux	2.5	capables	2	experts	1.5	qualifi�s techniquement	1	form�s	0.5
sugg�re	5	conseille	4.5	pr�conise	4	invite	3.5	propose	3	encourage	2.5	incite	2	pousse	1.5	oriente	1	dirige	0.5
inattendus	5	impr�vus	4.5	d�sagr�ments	4	probl�mes	3.5	d�ceptions	3	contrari�t�s	2.5	emb�ches	2	difficult�s	1.5	mauvaises exp�riences	1	p�pins	0.5
n�gatives	5	d�sagr�ables	4.5	d�cevantes	4	inattendues	3.5	d�sastreuses	3	f�cheuses	2.5	dommageables	2	contrariantes	1.5	embarrassantes	1	pr�judiciables	0.5
personnalit�	5	caract�re	4.5	image	4	identit�	3.5	portrait	3	pr�sentation	2.5	description	2	r�sum�	1.5	biographie	1	curriculum vitae	0.5
inventif	5	imaginatif	4.5	original	4	novateur	3.5	inspir�	3	innovant	2.5	ing�nieux	2	fantaisiste	1.5	artistique	1	expressif	0.5
�nergique	5	actif	4.5	anim�	4	enthousiaste	3.5	vif	3	bouillonnant	2.5	p�tillant	2	remuant	1.5	d�bordant d'�nergie	1		
jeux	5	loisirs	4.5	divertissements	4	passe-temps	3.5	occupations	3	amusements	2.5	distractions	2	exp�riences	1.5	d�couvertes	1	aventures	0.5
veulent	5	souhaitent	4.5	pr�f�rent	4	aspirent �	3.5	d�sireraient	3	aimeraient	2.5	optent pour	2	choisissent	1.5				
dur�e	5	p�riode	4.5	moment	4	intervalle	3.5	plage horaire	3	s�ance	2.5	session	2	�tendue temporelle	1.5	temps libre	1		
r�guliers	5	persistants	4.5	habituels	4	fr�quents	3.5	continus	3	r�currents	2.5	prolong�s	2	permanents	1.5	incessants	1	endurants	0.5
probl�me	5	d�sordre	4.5	dysfonctionnement	4	d�r�glement	3.5	perturbation	3	anomalie	2.5	difficult�	2	complication	1.5	d�s�quilibre	1	alt�ration	0.5
mental	5	�motionnel	4.5	psychique	4	cognitif	3.5	comportemental	3	affectif	2.5	nerveux	2	psychosomatique	1.5	mentale	1	�tat d'esprit	0.5
identifier	5	remarquer	4.5	rep�rer	4	discerner	3.5	d�tecter	3	distinguer	2.5	trouver	2	localiser	1.5	d�celer	1	constater	0.5
accord	5	arrangement	4.5	entente	4	conciliation	3.5	n�gociation	3	transaction	2.5	consensus	2	arrangement mutuel	1.5				
spontan�es	5	non planifi�es	4.5	sans pr�paration	4	� l'improviste	3.5	sans r�p�tition	3	sans pr�avis	2.5								
violet	5	mauve	4.5	am�thyste	4	lavande	3.5	lilas	3	fuchsia	2.5	magenta	2	bordeaux	1.5	aubergine	1	cerise	0.5
splendide	5	�blouissant	4.5	superbe	4	somptueux	3.5	�l�gant	3	impressionnant	2.5	ravissant	2	envo�tant	1.5	admirable	1	charmant	0.5
horticulteurs	5	paysagistes	4.5	jardiniers royaux	4	cultivateurs	3.5	ma�tres-jardiniers	3										
chroniques	5	habituels	4.5	r�guliers	4	permanents	3.5	invariables	3	consistants	2.5	persistants	2	r�currents	1.5	continus	1	fr�quents	0.5
inqui�tude	5	crainte	4.5	appr�hension	4	nervosit�	3.5	pr�occupation	3	stress	2.5	malaise	2	tension	1.5	souci	1	peur	0.5
procrastinateurs	5	retard�s compulsifs	4.5	�ternels retardataires	4	attard�s syst�matiques	3.5	perp�tuels retardataires	3	retardataires inv�t�r�s	2.5	retardataires r�cidivistes	2						
d�corait	5	adornait	4.5	ornait	4	agr�mentait	3.5	enjolivait	3	parait	2.5	rehaussait	2	am�liorait	1.5	�gayait	1		
r�veuse	5	songeuse	4.5	m�ditative	4	pensive	3.5	r�fl�chie	3	absorb�e	2.5	distraite	2	pr�occup�e	1.5				
b�te	5	idiot	4.5	simplet	4	niais	3.5	na�f	3	ignorant	2.5	inintelligent	2	insens�	1.5	imb�cile	1	d�pourvu d'intelligence	0.5
paiements	5	compensations	4.5	remboursements	4	d�dommagements	3.5	subventions	3	aides financi�res	2.5	r�tributions	2	r�mun�rations	1.5	gratifications	1	d�penses couvertes	0.5
pay�es	5	remises	4.5	distribu�es	4	accord�es	3.5	octroy�es	3	allou�es	2.5	d�bours�es	2	transf�r�es	1.5	d�livr�es	1		
fermiers	5	agriculteurs	4.5																
collection	5	s�lection	4.5	ensemble	4	assortiment	3.5	gamme	3	compilation	2.5	recueil	2	r�serve	1.5	inventaire	1	assortiment	0.5
utilise	5	g�re	4.5	commercialise	4	mon�tise	3.5	valorise	3	profite de	2.5	exploite commercialement	2	maximise	1.5				
�vident	5	incontestable	4.5	patent	4	manifeste	3.5	clair	3	flagrant	2.5	�vident	2	in�vitable	1.5	certain	1	�vident	0.5
m�prisable	5	d�sagr�able	4.5	d�plorable	4	honteux	3.5	pitoyable	3	d�gradant	2.5	abominable	2	r�pugnant	1.5	navrant	1	inacceptable	0.5
ressentir	5	ressasser	4.5	vivre	4	exp�rimenter	3.5	conna�tre	3	go�ter	2.5	endurer	2	supporter	1.5	subir	1	endurer	0.5
d�sint�ress�e	5	insensible	4.5	froide	4	d�tach�e	3.5	impassible	3	inattentive	2.5	nonchalante	2	distante	1.5	apathique	1	indolente	0.5
sensibiliser	5	avertir	4.5	informer	4	pr�venir	3.5	attirer l'attention	3	�duquer	2.5	alarmer	2						
frappe	5	impact	4.5	choc	4	r�sonne	3.5	retentit	3	�cho	2.5	sonne	2	tonnerre	1.5	mart�le	1	percute	0.5
esprits	5	pens�es	4.5	intelligences	4	compr�hensions	3.5	sensibilit�s	3	r�flexions	2.5	connaissances	2	id�es	1.5	perceptions	1	raisonnements	0.5
changer	5	r�viser	4.5	modifier l�g�rement	4	am�liorer	3.5	adapter	3	corriger	2.5	retoucher	2	r�ajuster	1.5	alt�rer	1		
articles	5	contenus	4.5	�crits	4	textes	3.5	posts	3	billets	2.5	documents	2	notes	1.5	messages	1	contributions	0.5
r�f�rences	5	documents	4.5	ressources	4	preuves	3.5	informations	3	donn�es	2.5	supports	2	origines	1.5	fondements	1		
prolongement	5	augmentation	4.5	extension	4	elongation	3.5	expansion	3	accroissement	2.5	ampleur	2	croissance accrue	1.5	temps suppl�mentaire	1		
d�veloppement	5	expansion	4.5	augmentation	4	progression	3.5	�volution	3	maturation	2.5	maturit�	2	croissance v�g�tative	1.5	pousse	1	floraison	0.5
prolong�	5	�tendu	4.5	accru	4	am�lior�	3.5	d�velopp�	3	�largi	2.5	intensifi�	2	renforc�	1.5	multipli�	1		
insouciance	5	innocence	4.5	frivolit�	4	d�tachement	3.5	nonchalance	3	gr�ce	2.5	simplicit�	2	gaiet�	1.5	d�contraction	1		
individus	5	acteurs	4.5	protagonistes	4	personnalit�s	3.5	figures	3	h�ros	2.5	personnages principaux	2	personnages secondaires	1.5	caract�res	1		
enfantin	5	juv�nile	4.5	pu�ril	4	na�f	3.5	innocent	3	insouciant	2.5	ludique	2	amusant	1.5	fac�tieux	1	joyeux	0.5
in�vitable	5	immanquable	4.5	ind�niable	4	incontournable	3.5	obligatoire	3	indispensable	2.5	n�cessaire	2	indubitable	1.5	certain	1	assur�	0.5
autoris�	5	accept�	4.5	valide	4	r�gulier	3.5	approuv�	3	licite	2.5	permis	2	en r�gle	1.5	non ill�gal	1		
num�risation	5	virtualisation	4.5	digitalisation	4	d�mat�rialit�	3.5	�lectronisation	3	informatisation	2.5								
s�duisant	5	attirant	4.5	tentant	4	int�ressant	3.5	convaincant	3	all�chant	2.5	irr�sistible	2	captivant	1.5	entra�nant	1	engageant	0.5
r�alisent	5	effectuent	4.5	ex�cutent	4	s'acquittent de	3.5												
excluant	5	rel�guant	4.5	n�gligeant	4	minimisant	3.5	d�laissant	3	�cartant	2.5	sous-estimant	2	d�valorisant	1.5	ignorant	1		
soutenir	5	encourager	4.5	promouvoir	4	d�fendre	3.5	favoriser	3	�pauler	2.5	accompagner	2	aider	1.5	assister	1	contribuer	0.5
aspirent �	5	souhaitent accomplir	4.5	s'efforcent de	4	vont vers	3.5	tendent vers	3										
progr�s	5	avanc�e	4.5	�volution	4	am�lioration continue	3.5	mieux-�tre	3	d�veloppement	2.5	croissance	2	r�forme	1.5	changement positif	1	empowerment	0.5
aimez	5	appr�ciez	4.5	ch�rissez	4	admirez	3.5	affectionnez	3	estimez	2.5	pr�f�rez	2	idol�trez	1.5	v�n�rez	1	r�v�rez	0.5
monotones	5	r�p�titifs	4.5	lassants	4	soporifiques	3.5	routiniers	3	fades	2.5	ennuyants	2	insipides	1.5	p�nibles	1	fastidieux	0.5
hebdomadaires	5	du dimanche	4.5	familiaux	4	r�guliers	3.5	traditionnels	3	conviviaux	2.5	de rassemblement	2	de retrouvailles	1.5	de partage	1		
appropri�es	5	ad�quates	4.5	coh�rentes	4	utiles	3.5	compr�hensibles	3	logiques	2.5	convaincantes	2	pr�cises	1.5	adapt�es	1	satisfaisantes	0.5
aide	5	compagnon	4.5	guide	4	conseiller	3.5	compagnon virtuel	3	collaborateur num�rique	2.5	soutien vocal	2	assistant vocal	1.5	compagnon d'�coute	1		
satisfaisante	5	correcte	4.5	ad�quate	4	acceptable	3.5	d�cente	3	convaincante	2.5	agr�able	2	clair(e)	1.5	qualitative	1	efficace	0.5
tr�sors	5	joyaux	4.5	atouts	4	valeurs	3.5	biens	3	pr�cieux �l�ments	2.5	perles	2	richesses culturelles	1.5	patrimoine pr�cieux	1	tr�sors linguistiques	0.5
h�ritage	5	tr�sor	4.5	culture	4	tradition	3.5	histoire	3	bagage	2.5	pr�cieux h�ritage	2	ressources linguistiques	1.5	richesses culturelles	1	h�ritage linguistique	0.5
langage	5	parole	4.5	communication	4	idiome	3.5	dialecte	3	vocabulaire	2.5	grammaire	2	expressions	1.5	jargon	1	terminologie	0.5
oppressant	5	contraignant	4.5	encombrant	4	envahissant	3.5	�puisant	3	intrusif	2.5	imposant	2	�touffant	1.5	pesant	1	asservissant	0.5
disponible	5	accessible	4.5	contactable	4	atteignable	3.5	r�pondant	3	dispos�	2.5								
cr�er	5	�laborer	4.5	adopter	4	utiliser	3.5	concevoir	3	�tablir	2.5	�voluer	2	am�liorer	1.5	acqu�rir	1		
pr�f�rable	5	conseill�	4.5	recommand�	4	prudent	3.5	judicieux	3	sage	2.5	opportun	2	avantageux	1.5	utile	1	propice	0.5
v�rifier	5	surveiller	4.5	examiner	4	scruter	3.5	inspecter	3	superviser	2.5	valider	2	regarder attentivement	1.5	s'assurer de	1	confirmer	0.5
envoy�s	5	destin�s	4.5	dirig�s	4	transmis	3.5	cibl�s	3	destinataires	2.5	destinataires potentiels	2	visant �	1.5	pourvus �	1		
bijoux	5	ornement	4.5	d�coration	4	apparat	3.5	parfum	3	fard	2.5	atour	2	charme	1.5	�l�gance	1	coquetterie	0.5
fantaisie	5	envie	4.5	lubie	4	impulsion	3.5	d�sir	3	volont�	2.5	humour	2	excentricit�	1.5	fantaisiste	1	fantasme	0.5
ennui	5	banalit�s	4.5	monotonie	4	platitude	3.5	insipidit�	3	fadeur	2.5	st�r�otypes	2	trivialit�s	1.5	conformisme	1	routine	0.5
mangerai	5	souperai	4.5	me restaurerai	4														
irai	5	marcherai	4.5	traverserai	4	me prom�nerai	3.5	visiterai	3	explorerai	2.5	d�ambulerai	2	fl�nerai	1.5	cheminerai	1		
foule	5	multitude	4.5	gens	4	public	3.5	soci�t�	3	environnement	2.5	univers	2	entourage	1.5	communaut�	1	population	0.5
retrait	5	�limination	4.5	abandon	4	effacement	3.5	�radication	3	annulation	2.5	d�sinstallation	2	suppression totale	1.5	�carter	1	bannissement	0.5
attitudes	5	perceptions	4.5	pens�es	4	conceptions	3.5	id�es	3	croyances	2.5	pr�jug�s	2	opinions	1.5	perspectives	1	comportements	0.5
motivera	5	encouragera	4.5	incitera	4	stimulera	3.5	poussera	3	suscitera	2.5	incitera	2	influencera	1.5	guidera	1	orientera	0.5
g�cheur d'ambiance	5	cassandresque	4.5	pessimiste	4	mauvais coucheur	3.5	d�tracteur	3	r�leur	2.5	critiqueur	2	n�gatif	1.5	boudeur	1		
d�fendre	5	argumenter	4.5	pr�ner	4	soutenir	3.5	avancer	3	proposer	2.5	pr�coniser	2	militer	1.5	promouvoir	1		
vraiment	5	extr�mement	4.5	incroyablement	4	�norm�ment	3.5	terriblement	3	exceptionnellement	2.5	absolument	2	intens�ment	1.5	immens�ment	1	�tonnamment	0.5
calme	5	tranquille	4.5	serein	4	apaisant	3.5	qui�tude	3	reposant	2.5	doux	2	agr�able	1.5	harmonieux	1		
prudence	5	bon sens	4.5	raison	4	discernement	3.5	mod�ration	3	lucidit�	2.5	bonne d�cision	2	intelligence	1.5	r�flexion	1	jugement	0.5
petite maison	5	chaumi�re	4.5	cottage	4	cabane	3.5	demeure	3	habitation	2.5	r�sidence	2	logement	1.5	g�te	1	bungalow	0.5
chagrin	5	d�sillusion	4.5	frustration	4	abattement	3.5	insatisfaction	3	tristesse	2.5	d�couragement	2	d�sappointement	1.5	d�convenue	1	amertume	0.5
approuv�s	5	accept�s	4.5	valid�s	4	populaires	3.5	aim�s	3	admis	2.5	appr�ci�s	2	encourag�s	1.5	soutenus	1	respect�s	0.5
pr�s	5	proche	4.5	avec	4	parmi	3.5	entour� de	3										
animaux	5	plantes	4.5	organismes	4	cr�atures	3.5	faune	3	flore	2.5	habitants	2	sp�cimens	1.5	vivants	1	�tres vivants	0.5
milieux naturels	5	environnements	4.5	habitats	4	communaut�s biologiques	3.5	syst�mes �cologiques	3	biomes	2.5	niches �cologiques	2	�quilibres naturels	1.5	�cosph�res	1		
menaces	5	risques	4.5	p�rils	4	nuisances	3.5	pr�judices	3	dommages	2.5	inconv�nients	2	probl�mes	1.5	obstacles	1	d�fis	0.5
histoires	5	r�cits	4.5	l�gendes	4	fables	3.5	mythes	3	aventures	2.5	narrations	2	anecdotes	1.5	fabliaux	1		
centre	5	essence	4.5	fondement	4	noyau	3.5	pivot	3	point central	2.5	racine	2	source	1.5	substance	1	essence	0.5
travail manuel	5	artisanerie	4.5	fabrication artisanale	4	m�tiers d'art	3.5	artisanerie	3	cr�ation artisanale	2.5	artisanat d'art	2	techniques artisanales	1.5	savoir-faire artisanal	1	artisanerie cr�ative	0.5
manifestation	5	d�monstration	4.5	protestation	4	revendication	3.5	d�claration	3	t�moignage	2.5	signe	2	symbole	1.5	forme d'opposition	1		
protestation	5	r�volte	4.5	opposition	4	r�sistance	3.5	r�bellion	3	dissidence	2.5	insurrection	2	d�fiance	1.5	d�saccord	1	divergence	0.5
engagement	5	dissidence	4.5	opposition	4	revendication	3.5	protestation	3	r�sistance	2.5	r�bellion	2	contestation	1.5	activisme	1	militantisme	0.5
avant-go�t	5	pr�visualisation	4.5	premi�re diffusion	4	avant-go�t exclusif	3.5	d�voilement anticip�	3	avant-premi�re exclusive	2.5								
site web	5	portail	4.5	plateforme num�rique	4	r�seau social	3.5	interface virtuelle	3										
vid�o	5	court-m�trage	4.5	s�quence	4	extrait	3.5	enregistrement	3	montage	2.5	film	2	segment	1.5	court-clip	1	morceau	0.5
adapt�	5	conforme	4.5	coh�rent	4	harmonieux	3.5	appropri�	3	convenable	2.5	correspondant	2						
pr�occupant	5	inqui�tant	4.5	critique	4	grave	3.5	prudent	3	fond�	2.5	r�el	2	important	1.5	consid�rable	1	majeur	0.5
exorbitant	5	d�mesur�	4.5	disproportionn�	4	excessif	3.5	inappropri�	3	incompatible	2.5	inadapt�	2	d�plac�	1.5				
sections	5	cat�gories	4.5	th�mes	4	sous-titres	3.5	contenus	3	onglets	2.5	rubans	2	colonnes	1.5	rubriquages	1	divisions	0.5
cr�dibles	5	authentiques	4.5	v�rifiables	4	solides	3.5	s�rs	3	de confiance	2.5	r�put�s	2	exactes	1.5	vrais	1		
similaire	5	ressemblant	4.5	proximal	4	simplement	3.5	voisin	3	approchant	2.5	a proximit�	2	presque identique	1.5	analogique	1	familier	0.5
� l'heure	5	exact	4.5	pr�cis	4	rigoureux	3.5	consciencieux	3	assidu	2.5	fiable	2	ponctuellement	1.5	r�gulier	1		
courtoisie	5	civilit�	4.5	d�licatesse	4	respect	3.5	urbanit�	3	bienveillance	2.5	complaisance	2	affabilit�	1.5	amabilit�	1	galanterie	0.5
routine	5	coutume	4.5	pratique	4	tradition	3.5	usage	3	manie	2.5	rituel	2	r�flexe	1.5				
salaire	5	gains	4.5	r�mun�ration	4	revenu annuel	3.5	b�n�fices	3	�moluments	2.5	profit	2	ressources financi�res	1.5	revenu brut	1	gain mon�taire	0.5
vari�es	5	diff�rentes	4.5	multiples	4	h�t�rog�nes	3.5	vari�es	3	disparates	2.5	vari�es	2	contrast�es	1.5	vari�es	1	diversifi�es	0.5
diff�rences	5	disparit�s	4.5	variations	4	in�galit�s	3.5	divergences	3	distinctions	2.5	contrastes	2	h�t�rog�n�it�	1.5	dissemblances	1		
se disputer	5	se quereller	4.5	se bagarrer	4	se battre	3.5	se chamailler	3	s'engueuler	2.5	se taquiner	2	se titiller	1.5	se piquer	1	s'embrouiller	0.5
se disputer	5	se quereller	4.5	se chicaner	4	se brouiller	3.5	se f�cher	3	s'�nerver	2.5	se vexer	2	s'irriter	1.5	se froisser	1		
se pardonner	5	se r�concilier	4.5	se rabibocher	4	se rapprocher	3.5												
facilitateurs	5	guides	4.5	coordonnateurs	4	organisateurs	3.5	m�diateurs	3	encadreurs	2.5	mod�rateurs	2	accompagnateurs	1.5				
propositions	5	services	4.5	comp�tences	4	expertises	3.5	talents	3	ressources	2.5	contributions	2	apports	1.5	atouts	1	avantages	0.5
besoins	5	recherches	4.5	attentes	4	demandes d'aide	3.5	sollicitations	3	pr�f�rences	2.5	int�r�ts	2	souhaits	1.5	objectifs	1		
sain	5	�quilibr�	4.5	l�ger	4	nutritif	3.5	all�g�	3	r�gime-friendly	2.5	aliment minceur	2						
trop	5	surabondance	4.5	surplus	4	abus	3.5	d�bordement	3	exc�dent	2.5	d�passement	2	superflu	1.5	exag�ration	1	surcharge	0.5
cuisin�	5	fabriqu�	4.5	pr�par� maison	4	concoct�	3.5	fait maison	3	transform�	2.5	assaisonn�	2	�labor�	1.5	conditionn�	1		
augmentation	5	croissance	4.5	prolif�ration	4	accroissement	3.5	expansion	3	intensification	2.5	propagation	2	hausse	1.5	augmentation exponentielle	1	augmentation rapide	0.5
d�placements	5	flux	4.5	transferts	4	mouvements	3.5	voyages	3	d�parts	2.5	exodes	2	fuites	1.5	�migrations	1	transhumances	0.5
d�placements	5	mouvements	4.5	transferts	4	d�parts	3.5	migrations	3	circulations	2.5	d�ferlements	2	afflux	1.5	�changes	1	d�bordements	0.5
encourager	5	stimuler	4.5	promouvoir	4	initier	3.5	propulser	3	dynamiser	2.5	inciter	2	favoriser	1.5	susciter	1	animer	0.5
importance	5	envergure	4.5	dimension	4	�tendue	3.5	port�e	3	magnitude	2.5	intensit�	2	�tendue	1.5	profondeur	1		
organiser	5	diriger	4.5	superviser	4	g�rer	3.5	r�guler	3	harmoniser	2.5	piloter	2	orchestrer	1.5	synchroniser	1	faciliter	0.5
tuer	5	�liminer	4.5	exterminer	4	supprimer	3.5	abattre	3	�radiquer	2.5	�limination	2	destruction	1.5	massacre	1	assassinat	0.5
rassemblement	5	manifestation	4.5	protestation	4	mouvement	3.5	action collective	3	rassemblement national	2.5	gr�ve	2	d�monstration	1.5				
protester	5	condamner	4.5	critiquer	4	r�prouver	3.5	contester	3	s'opposer	2.5	d�sapprouver	2	bl�mer	1.5	stigmatiser	1	d�plorer	0.5
appliqu�	5	utilis�	4.5	en vigueur	4	en cours	3.5	adopt�	3	exerc�	2.5	suivi	2	employ�	1.5				
logements �tudiants	5	foyers �tudiants	4.5	chambres d'�tudiants	4	dortoirs �tudiants	3.5	r�sidences universitaires	3	maisons d'�tudiants	2.5	appartements �tudiants	2						
sup�rieur	5	plus cher	4.5	co�teux	4	on�reux	3.5	major�	3	augment�	2.5	plus important	2						
m�contentement	5	col�re	4.5	indignation	4	protestation	3.5	r�volte	3	ras-le-bol	2.5	agacement	2	insatisfaction	1.5	exasp�ration	1	m�contentement g�n�ralis�	0.5
impulsifs	5	soudains	4.5	inattendus	4	instantan�s	3.5	naturels	3	non planifi�s	2.5	sans pr�paration	2	non calcul�s	1.5	sans censure	1		
augmentation	5	�l�vation	4.5	croissance	4	mont�e	3.5	accroissement	3	progression	2.5	majoration	2	sur�l�vation	1.5	rehaussement	1	gonflement	0.5
strictes	5	rigoureuses	4.5	s�v�res	4	exigeantes	3.5	draconiennes	3	fermes	2.5	inflexibles	2	imp�ratives	1.5	obligatoires	1	indispensables	0.5
in�galit�	5	pr�jug�	4.5	exclusion	4	favoritisme	3.5	intol�rance	3	s�gr�gation	2.5	stigmatisation	2	particularit�	1.5	biais	1		
�ducation	5	niveau d'�tudes	4.5	formation	4	instruction	3.5	apprentissage	3	parcours scolaire	2.5	dipl�me	2	culture acad�mique	1.5	bagage �ducatif	1	connaissances acquises	0.5
rabais	5	remises	4.5	avantages tarifaires	4	tarifs pr�f�rentiels	3.5	prix r�duits	3	offres sp�ciales	2.5	promotions	2	tarifs r�duits	1.5	tarifs avantageux	1		
receveur	5	titulaire	4.5	adh�rent	4	r�cipiendaire	3.5	profiteur	3	usager privil�gi�	2.5	avantageux	2	personne �ligible	1.5				
aides financi�res	5	assistance sociale	4.5	subventions	4	soutien �conomique	3.5	avantages sociaux	3	prestations sociales	2.5	aide gouvernementale	2	programmes d'aide	1.5	secours financiers	1	services sociaux	0.5
d�clar�s	5	pr�n�s	4.5	proclam�s	4	revendiqu�s	3.5	annonc�s	3	promus	2.5	propos�s	2	expos�s	1.5				
�liminer	5	supprimer	4.5	combattre	4	�radiquer compl�tement	3.5	exterminer	3	an�antir	2.5	d�truire	2	effacer	1.5				
imp�ts	5	taxes	4.5	pr�l�vements	4	contributions	3.5	redevances	3	cotisations	2.5	charges fiscales	2	fiscalit� personnelle	1.5	syst�me fiscal	1	imposition	0.5
rencontr�s	5	expos�s	4.5	affront�s	4	confront�s �	3.5	en d�couvrant	3										
traversant	5	passant	4.5	d�passant	4	p�n�trant	3.5	traversant	3	parcourant	2.5	traversant	2						
aliments	5	repas	4.5	provisions	4	victuailles	3.5	mets	3	cuisine	2.5	plats	2	ingr�dients	1.5	denr�es	1	provisions	0.5
attir�s	5	tromp�s	4.5	convaincus	4	dup�s	3.5	influenc�s	3	charm�s	2.5	duperies	2	abus�s	1.5	manipul�s	1	enchant�s	0.5
nouvelles	5	informations	4.5	rumeurs	4	scoops	3.5	potins	3	ragots	2.5	faux reportages	2	mensonges m�diatiques	1.5	canulars	1	tromperies m�diatiques	0.5
tromp�s	5	dup�s	4.5	victimes	4	manipul�s	3.5	bern�s	3	duperie	2.5	leurr�s	2	embobin�s	1.5				
pauvres	5	d�favoris�s	4.5	faibles revenus	4	pr�caires	3.5	d�munis	3	besogneux	2.5	d�munis	2	humblement r�mun�r�s	1.5	modestement pay�s	1	bas salaires	0.5
b�n�ficient	5	tirent avantage	4.5	gagnent	4	r�coltent	3.5												
dur�e	5	�poque	4.5	plage temporelle	4	p�riode donn�e	3.5	moment sp�cifique	3	s�quence temporelle	2.5	temps �coul�	2						
d�rangement	5	inconfort	4.5	perturbation	4	agacement	3.5	irritation	3	trouble	2.5	malaise	2	embarras	1.5	contrari�t�	1	ennui	0.5
caus�e	5	provoqu�e	4.5	engendr�e	4	cr��e	3.5	suscit�e	3	g�n�r�e	2.5	entrain�e	2	produite	1.5	d�clench�e	1	entra�n�e	0.5
�manant	5	venant	4.5	provenir	4	provenait	3.5	provenaient	3	d�coulant	2.5	r�sultant	2	caus�es par	1.5				
�valuer	5	calculer	4.5	estimation	4	pr�voir	3.5	approximer	3	juger	2.5	supposer	2	�valuer approximativement	1.5				
apparence	5	style	4.5	tenue vestimentaire	4	aspect physique	3.5	image	3	look vestimentaire	2.5	look personnel	2	look ext�rieur	1.5	apparence g�n�rale	1	pr�sentation	0.5
d�boursent	5	investissent	4.5	consacrent	4	allouent	3.5	utilisent	3	d�ploient	2.5	engagent	2	d�plorent	1.5	�puisent	1	dilapident	0.5
rem�dier	5	pallier	4.5	compenser	4	rattraper	3.5	r�pondre �	3	satisfaire	2.5	r�parer	2	att�nuer	1.5	contrebalancer	1	suppl�er	0.5
financement	5	subvention	4.5	allocation	4	aide financi�re	3.5	budget	3	contribution	2.5	attribution	2	fonds	1.5	ressources allou�es	1	soutien financier	0.5
commercialisation	5	vente	4.5	mon�tisation	4	exploitation commerciale	3.5	commerce	3	mercantilisation	2.5	commercialit�	2						
explorateur	5	voyageur	4.5	baroudeur	4	pionnier	3.5	d�couvreur	3	globe-trotteur	2.5	intr�pide	2	audacieux	1.5	t�m�raire	1	errant	0.5
rochers	5	falaises	4.5	montagnes	4	sommets	3.5	cimes	3	escarpements	2.5	d�nivel�s	2	ravins	1.5	gorges	1	canyons	0.5
grimper	5	gravir	4.5	monter	4	franchir	3.5	parcourir	3	explorer	2.5	conqu�rir	2	vaincre	1.5	surmonter	1		
amulette	5	porte-bonheur	4.5	talisman	4	charme	3.5	f�tiche	3	mascotte	2.5	souvenir	2	breloque	1.5	objet porte-chance	1		
sugg�re	5	recommande	4.5	propose	4	invite	3.5	pr�conise	3	incite	2.5	pousse	2	insiste	1.5	oriente	1	guide	0.5
agr�ables	5	int�ressantes	4.5	plaisantes	4	sympathiques	3.5	enrichissantes	3	captivantes	2.5	charmantes	2	s�duisantes	1.5	passionnantes	1	m�morables	0.5
originaux	5	insolites	4.5	non conventionnels	4	inhabituels	3.5	singuliers	3	diff�rents	2.5	uniques	2	�tonnants	1.5	exceptionnels	1		
beaucoup	5																		
suggestions	5	propositions	4.5	concepts	4	inspirations	3.5	itin�raires	3	plans	2.5	pistes	2	options	1.5	alternatives	1	d�couvertes	0.5
agr�ables	5	amicaux	4.5	sympathiques	4	chaleureux	3.5	festifs	3	joyeux	2.5	plaisants	2	cordiaux	1.5	accueillants	1	d�tendus	0.5
�change	5	partager	4.5	communiquer	4	vivre ensemble	3.5	collaborer	3	diviser	2.5	distribuer	2	transmettre	1.5	propager	1	mutualiser	0.5
joyeux	5	gai	4.5	content	4	satisfait	3.5	radieux	3	combl�	2.5	ravi	2	enchant�	1.5	�panoui	1	b�at	0.5
v�tustes	5	obsol�tes	4.5	d�su�tes	4	p�rim�es	3.5	d�pass�es	3	archa�ques	2.5	antiqu�es	2	surann�es	1.5	vieillottes	1		
�crites	5	compos�es	4.5	formul�es	4	r�dactionn�es	3.5	mal �crites	3	incompr�hensibles	2.5	brouillonnes	2						
m�diocres	5	incompr�hensibles	4.5	mal �crites	4	d�fectueuses	3.5	confuses	3	brouillonnes	2.5	incoh�rentes	2	peu claires	1.5	incorrectes	1	maladroites	0.5
mod�le	5	approche	4.5	perspective	4	vision	3.5	conception	3	prisme	2.5	sch�ma	2						
approches	5	m�thodes	4.5	strat�gies	4	solutions	3.5	approches novatrices	3	mod�les	2.5	techniques	2	plans d'action	1.5	syst�mes	1	approches efficaces	0.5
d�montr�	5	�tabli	4.5	confirm�	4	valid�	3.5	v�rifi�	3	justifi�	2.5	soutenu	2	�prouv�	1.5	test�	1		
inclut	5	englobe	4.5	couvre	4	int�gre	3.5	enveloppe	3	contient	2.5	comporte	2	implique	1.5	rassemble	1	consiste en	0.5
d�passe	5	englobe	4.5	comprend	4	inclut	3.5	couvre	3	enveloppe	2.5	contient	2	int�gre	1.5	implique	1	consid�re	0.5
voie	5	chemin	4.5	art�re	4	boulevard	3.5	all�e	3	passage	2.5	rue pi�tonne	2	rue commer�ante	1.5	rue principale	1	rue anim�e	0.5
soutenue	5	promulgu�e	4.5	pr�n�e	4	plaid�e	3.5	d�fendue ardemment	3	pr�conis�e	2.5	propos�e	2	pr�sent�e	1.5	appuy�e	1		
approbation	5	acceptation	4.5	ratification	4	promulgation	3.5	validation	3	instauration	2.5	�tablissement	2	application	1.5				
communal	5	partag�	4.5	groupe	4	communautaire	3.5	mutualis�	3	ensemble	2.5	public	2	interpersonnel	1.5	social	1		
personnages	5	partitions	4.5	interpr�tations	4	fonctions	3.5	caract�res	3	emplois	2.5	missions	2	t�ches	1.5	postes	1	d�fis	0.5
experte	5	qualifi�e	4.5	comp�tente	4	habile	3.5	talentueuse	3	expertis�e	2.5	sp�cialis�e	2	avertie	1.5	chevronn�e	1	aguerrie	0.5
soigneusement	5	m�ticuleusement	4.5	rigoureusement	4	pr�cis�ment	3.5	consciencieusement	3	attentivement	2.5	scrupuleusement	2	avec minutie	1.5	avec attention	1	avec application	0.5
collaboration	5	partenariat	4.5	entente	4	alliance	3.5	�change	3	assistance	2.5	solidarit�	2	coop�ration mutuelle	1.5	coordination	1	synergie	0.5
domaine	5	champ	4.5	branche	4	sp�cialit�	3.5	secteur d'activit�	3	milieu professionnel	2.5	domaine d'expertise	2	m�tier	1.5	fonctionnement	1	sph�re	0.5
envisage	5	projette	4.5	planifie	4	pense	3.5	compte faire	3	aspire �	2.5	souhaite	2	vise �	1.5	d�sire	1		
important	5	majeur	4.5	cons�quent	4	significatif	3.5	notable	3	consid�rablement �lev�	2.5	consid�rablement important	2	substantiel	1.5	�norme	1	marqu�	0.5
alertent	5	sonnent l'alarme	4.5	exhortent	4	pr�viennent	3.5	sensibilisent	3										
impact	5	effet	4.5	emprise	4	pouvoir	3.5	contr�le	3	domination	2.5	pr�pond�rance	2	poids	1.5	autorit�	1		
associations	5	ong	4.5	fondations	4	groupes caritatifs	3.5	mouvements solidaires	3	initiatives humanitaires	2.5	collectifs engag�s	2	structures philanthropiques	1.5	projets sociaux	1		
sensibilisation	5	diffusion	4.5	communication	4	valorisation	3.5	publicit�	3	pr�sentation	2.5	m�diatisation	2	appui	1.5	encouragement	1		
caritatives	5	bienfaisantes	4.5	sociales	4	philanthropiques	3.5	solidaires	3	altruistes	2.5	b�n�voles	2	charitables	1.5	humanistes	1	engag�es	0.5
contributions	5	adh�sions	4.5	participations	4	dons r�guliers	3.5	versements	3	paiements annuels	2.5	soutiens financiers	2	frais d'adh�sion	1.5	souscriptions	1	apports financiers	0.5
aide financi�re	5	financement	4.5	contribution	4	soutien financier	3.5	don d'argent	3	allocation	2.5	assistance mon�taire	2	subsides	1.5	bourse	1	fonds	0.5
argent	5	fonds	4.5	ressources mon�taires	4	budget	3.5	revenus	3	contributions financi�res	2.5	moyens d'argent	2	finances	1.5	soutien financier	1	apports mon�taires	0.5
guider	5	influencer	4.5	diriger	4	sugg�rer	3.5	inciter	3	pousser	2.5	amener	2	convaincre	1.5	persuader	1	mener	0.5
n�gligents	5	insouciants	4.5	inconscients	4	impr�voyants	3.5	irresponsables	3	�tourdis	2.5	distraits	2	inattentifs	1.5	l�gers	1	nonchalants	0.5
d�clench�	5	caus�	4.5	engendr�	4	suscit�	3.5	occasionn�	3	entra�n�	2.5	d�termin�	2	induit	1.5	cr��	1	produit	0.5
protestations	5	soul�vements	4.5	r�voltes	4	contestations	3.5	agitations	3	r�bellions	2.5	insurrections	2	manifestations	1.5	r�volutions sociales	1		
particulier	5	pr�cis	4.5	d�termin�	4	sp�cial	3.5	concret	3	pr�cis�ment d�fini	2.5	distinct	2	pr�cieux	1.5	caract�ristique	1	unique	0.5
gouvernement	5	dirigeants politiques	4.5	administration	4	�lite politique	3.5	d�cideurs politiques	3	instances dirigeantes	2.5	responsables politiques	2						
commenceront	5	entameront	4.5	d�marreront	4	amorceront	3.5	lanceront	3	engageront	2.5	d�clencheront	2	initieront	1.5	pr�pareront	1		
approbations	5	permis	4.5	accords	4	licences	3.5	autorisations administratives	3	feu verts	2.5	consentements	2	homologations	1.5	autorisations officielles	1		
approbation	5	autorisation	4.5	accord	4	validation	3.5	permission	3	feu vert	2.5	acceptation	2						
aiment	5	appr�cient	4.5	adh�rent	4	se lient	3.5	s'identifient	3	s'engagent	2.5	se rattachent	2	se connectent	1.5	s'associent	1	se familiarisent	0.5
gagne	5	d�veloppe	4.5	obtient	4	accumule	3.5	renforce	3	augmente	2.5	construit	2	attire	1.5	cultive	1	�tablit	0.5
logo	5	enseigne	4.5	label	4	nom commercial	3.5	identit� visuelle	3	symbole	2.5	signature	2	�tiquette	1.5	embl�me	1		
tu�s	5	�limin�s	4.5	supprim�s	4	�radiqu�s	3.5	�limin�s	3	extermin�s	2.5	liquid�s	2	�chou�s	1.5	d�truits	1	an�antis	0.5
rep�r�	5	d�tect�	4.5	localis�	4	identifi� clairement	3.5	reconnu	3	d�termin�	2.5	cibl�	2	d�sign�	1.5	d�masqu�	1		
attaque	5	pr�dation	4.5	violence	4	harc�lement	3.5	menace	3	dommage	2.5	d�g�ts	2	perturbation	1.5	nuisance	1		
troubl�e	5	tourment�e	4.5	perturb�e	4	chaotique	3.5	instable	3	tumultueuse	2.5	houleuse	2	mouvement�e	1.5	agitante	1	�tourdissante	0.5
p�riode	5	temps	4.5	�re	4	moment	3.5	saison	3	phase	2.5	cycle	2	situation	1.5	circonstances	1	conjuncture	0.5
pr�occupent	5	alarment	4.5	perturbent	4	effraient	3.5	tourmentent	3	anxient	2.5	d�rangent	2	tracassent	1.5	tourmentent	1	troublent	0.5
information	5	mat�riel	4.5	ressource	4	article	3.5	publication	3	production	2.5	texte	2	document	1.5	�l�ment	1	contribution	0.5
distinguer	5	identifier	4.5	diff�rencier	4	reconna�tre	3.5	s�parer	3	discriminer	2.5	d�terminer	2	�valuer	1.5	comprendre	1	percevoir	0.5
classique	5	conventionnel	4.5	�tabli	4	ancien	3.5	standard	3	habituel	2.5	commun	2	courant	1.5	conforme	1	normal	0.5
centrale nucl�aire	5	r�acteur nucl�aire	4.5	g�n�rateur d'�nergie	4	installation nucl�aire	3.5												
audacieux	5	courageux	4.5	d�termin�	4	visionnaire	3.5	novateur	3	r�volutionnaire	2.5	engag�	2	proactif	1.5	progressiste	1	pionnier	0.5
d�part	5	catalyseur	4.5	d�but	4	initiateur	3.5	facteur d�terminant	3	�l�ment d�clencheur	2.5	�v�nement fondateur	2	moteur	1.5	cause premi�re	1		
irritation	5	contrari�t�	4.5	frustration	4	nervosit�	3.5	m�contentement	3	embarras	2.5	inconfort	2	malaise	1.5	d�rangement	1	perturbation	0.5
proches	5	famille	4.5	amis	4	coll�gues	3.5	voisins	3	compagnons	2.5	connaissances	2	cercle social	1.5	environnement social	1	communaut�	0.5
malaise	5	conflit	4.5	irritation	4	inconfort	3.5	g�ne	3	agacement	2.5	friction	2	frustration	1.5	hostilit�	1	mauvaise ambiance	0.5
demandes	5	requ�tes	4.5	stimuli	4	pressions	3.5	exigences	3	incitations	2.5	provocations	2	d�fis	1.5	contraintes	1	influences	0.5
contr�le	5	r�gule	4.5	ma�trise	4	adapte	3.5	mod�re	3	gouverne	2.5	administre	2	manipule	1.5	dirige	1		
milieu	5	cadre	4.5	entourage	4	contexte	3.5	conditions	3	entit�	2.5	univers	2	habitat	1.5	�cosyst�me	1	atmosph�re	0.5
objectif	5	but	4.5	espoir	4	r�ve	3.5	aspiration	3	vision	2.5	id�alisme	2	utopie	1.5	fantasme	1	chim�re	0.5
continuent	5	subsistent	4.5	perdurent	4	r�sistent	3.5	survivent	3	maintiennent	2.5	durent	2	sont pr�sents	1.5	se maintiennent	1		
habitants	5	r�sidents	4.5	peuple	4	communaut�	3.5	population	3	nationaux	2.5	individus	2	compatriotes	1.5	gens	1		
identifier	5	extraire	4.5	d�terminer	4	rep�rer	3.5	cerner	3	d�finir	2.5	isoler	2	s�lectionner	1.5	trouver	1		
diriger	5	g�rer	4.5	coordonner	4	superviser	3.5	animer	3	organiser	2.5	conduire	2	guider	1.5	contr�ler	1	administrer	0.5
cr�er	5	�tablir	4.5	concevoir	4	d�velopper	3.5	construire	3	pr�parer	2.5	r�aliser	2	organiser	1.5	fabriquer	1		
absence r�p�t�e	5	non-assiduit�	4.5	d�fection	4	d�sertion	3.5	d�missionnement	3	�loignement fr�quent	2.5	d�robade professionnelle	2	d�crochage professionnel	1.5				
nombreuses	5	diverses	4.5	vari�es	4	nombreux	3.5	diff�rentes	3	plurielles	2.5	nombreux facteurs	2	multiples raisons	1.5				
admettant	5	constatant	4.5	acceptant	4	comprenant	3.5	r�alisant	3	compr�hensif	2.5	conscient	2	avouant	1.5				
histoire familiale	5	pr�c�dents	4.5	origines	4	pass�	3.5	ascendance	3	anc�tres	2.5	lign�e	2	g�n�alogie	1.5	arbre g�n�alogique	1	h�ritage	0.5
gourmandise	5	gloutonnerie	4.5																
famille	5	ascendance	4.5	h�ritage	4	g�n�alogie	3.5	dynastie	3	descendance	2.5	tradition	2	lignage	1.5	clan	1	racines	0.5
destin�	5	pr�destin�	4.5	planifi�	4	con�u	3.5	pr�d�termin�	3	projet�	2.5								
repr�sentatif	5	d�l�gu�	4.5	porte-parole	4	ambassadeur	3.5	�missaire	3	mandataire	2.5	d�put�	2	agent	1.5	avocat	1	d�fenseur	0.5
culturellement	5	socialement accept�	4.5	traditionnellement	4														
facette	5	dimension	4.5	partie	4	caract�re	3.5	c�t�	3	aspect culturel	2.5	el�ment	2	composante	1.5	facette culturelle	1		
c�r�monies	5	traditions	4.5	coutumes	4	pratiques	3.5	c�l�brations	3	rituels	2.5	habitudes	2	usages	1.5	c�r�monial	1	protocole	0.5
prohibitions	5	tabous	4.5	restrictions	4	limitations	3.5	interdictions religieuses	3	r�gles alimentaires	2.5	pr�ceptes culinaires	2	coutumes alimentaires	1.5	normes di�t�tiques	1	usages gastronomiques	0.5
arr�ter	5	interrompre	4.5	suspendre	4	stopper	3.5	terminer	3	interdire	2.5	emp�cher	2	�viter	1.5	supprimer	1		
observer	5	suivre	4.5	honorer	4	adh�rer �	3.5												
nuits	5	tardifs	4.5	en soir�e	4	dans l'obscurit�	3.5												
blagues	5	traits d'esprit	4.5	amusements linguistiques	4	parodies verbales	3.5	humour verbal	3	plaisanteries verbales	2.5	badinages verbaux	2	fac�ties verbales	1.5	taquineries verbales	1		
inqui�tude	5	pr�occupation	4.5	int�r�t	4	empathie	3.5	compassion	3	sollicitude	2.5	souci	2	affliction	1.5	compatissant	1	touch�	0.5
�veillant	5	provoquant	4.5	g�n�rant	4	incitant	3.5	suscitant l'int�r�t	3	attirant l'attention	2.5	inspirant	2						
impact	5	charge	4.5	pression	4	poids	3.5	influence	3	cons�quence	2.5	r�alit�	2	v�rit�	1.5	r�v�lation	1	r�percussion	0.5
h�ritage	5	racines	4.5	milieu familial	4	classe sociale	3.5	ascendance	3	naissance	2.5	bagage culturel	2	origine familiale	1.5	ant�c�dents sociaux	1	provenance	0.5
familiales	5	culturelles	4.5	ethniques	4	economiques	3.5	h�ritage	3	milieu	2.5	statut	2	condition	1.5	classe	1	origines	0.5
d�rogations	5	exemptions	4.5	d�rivations	4	dispenses	3.5	tol�rances	3	assouplissements	2.5	adaptations	2	flexibilit�s	1.5	all�gements	1	omissions	0.5
compl�te	5	absolue	4.5	inconditionnelle	4	sans exception	3.5	int�grale	3	cat�gorique	2.5	sans compromis	2	sans r�serve	1.5	intransigeante	1		
d�rogations	5	exclusions	4.5	dispenses	4	r�serves	3.5	cas particuliers	3	conditions sp�ciales	2.5	clauses d'exception	2	limites	1.5	variantes autoris�es	1	situations particuli�res	0.5
discuter	5	causer	4.5	papoter	4	converser	3.5	�changer	3	jaser	2.5	bavasser	2	discutailler	1.5	palabrer	1	jacasser	0.5
souffle	5	projette	4.5	lance	4	balance	3.5	d�verse	3	propulse	2.5	pousse	2	envoye	1.5	verse	1	arrose	0.5
journ�e enti�re	5	temps	4.5	journ�e compl�te	4	dur�e	3.5	p�riode	3	moment	2.5	heures	2	jour complet	1.5				
enseignant	5	formateur	4.5	p�dagogue	4	guide	3.5	mentor	3	instructeur	2.5	animateur	2	facilitateur	1.5	conseiller	1	�claireur	0.5
envisagent	5	pensent	4.5	consid�rent	4	r�fl�chissent	3.5	projettent	3	pr�voient	2.5	planifient	2						
encourager	5	promouvoir	4.5	faciliter	4	permettre	3.5	rendre possible	3	soutenir	2.5	stimuler	2	inciter	1.5	aider	1		
transform�	5	�volu�	4.5	modifi�	4	mut�	3.5	r�volutionn�	3	m�tamorphos�	2.5	transfigur�	2	boulevers�	1.5	am�lior�	1	alt�r�	0.5
bouleversement	5	r�volution	4.5	essor	4	boom	3.5	expansion	3	croissance fulgurante	2.5	�mergence	2	d�ferlement	1.5	fr�n�sie technologique	1	�clatement	0.5
technologique	5	digital	4.5	�lectronique	4	informatique	3.5	virtuel	3	cybern�tique	2.5	automatis�	2	interactif	1.5	multim�dia	1	en ligne	0.5
identifiants bancaires	5	renseignements financiers	4.5	donn�es personnelles	4	informations d'identification	3.5												
avertissement	5	notification	4.5	signal d'alarme	4	alerte rouge	3.5	attention	3	pr�caution	2.5	message d'avertissement	2						
saisi	5	ins�r�	4.5	introduit	4	enregistr�	3.5	tap�	3	indiqu�	2.5	fourni	2	entr� manuellement	1.5	inscrit	1	compl�t�	0.5
importante	5	majeure	4.5	pr�dominante	4	dominante	3.5	consid�rable	3	significative	2.5	marqu�e	2	prononc�e	1.5	saisissante	1	frappante	0.5
en groupe	5	ensemble	4.5	communautaires	4	partag�es	3.5	mutuelles	3	collaboratives	2.5	coop�ratives	2	concert�es	1.5	associatives	1	conviviales	0.5
augmentant	5	en hausse	4.5	en progression	4														
absurde	5	fantaisiste	4.5	insens�e	4	�trange	3.5	bizarre	3	incongrue	2.5	originale	2	inhabituelle	1.5	excentrique	1	singuli�re	0.5
extr�me	5	r�volutionnaire	4.5	novatrice	4	audacieuse	3.5	innovante	3	drastique	2.5	d�concertante	2	surprenante	1.5	inhabituelle	1	avant-gardiste	0.5
en coulisse	5	en arri�re-plan	4.5	dans l'ombre	4	en secret	3.5	en priv�	3	discr�tement	2.5	en catimini	2						
bases	5	fondations	4.5	pilier	4	principe	3.5	�l�ment essentiel	3	racine	2.5	assises	2	soubassement	1.5	structure fondamentale	1	�difice durable	0.5
satisfaire	5	combler	4.5	r�pondre �	4	suffire	3.5	convenir	3	plaire �	2.5	remplir	2	accomplir	1.5	r�aliser	1		
vise	5	s'efforce de	4.5	tend vers	4	poursuit	3.5												
mettant	5	posant	4.5	collant	4	apposant	3.5	fixant	3	d�posant	2.5	installant	2	plaquant	1.5	accrochant	1	attachant	0.5
publicit�s	5	flyers	4.5	d�pliants	4	tracts	3.5	brochures	3	promotions	2.5	offres sp�ciales	2	catalogues	1.5	annonces	1	sollicitations	0.5
consentement	5	accord	4.5	volont�	4	approbation	3.5	acceptation	3	permission	2.5	assentiment	2	conformit�	1.5	adh�sion	1	autorisation	0.5
apparence	5	fa�on	4.5	pr�sentation	4	aspect	3.5	mani�re	3	simulacre	2.5	fausse apparence	2	parure	1.5	d�guisement	1	masque	0.5
pr�caution	5	alerte	4.5	notification	4	conseil	3.5	signal d'alarme	3	sensibilisation	2.5	avertissement pr�ventif	2	rappel	1.5				
pr�sentation	5	exposition	4.5	manifestation	4	illustration	3.5	d�ploiement	3	exhibition	2.5	d�claration	2	monstration	1.5				
observation	5	remarque	4.5	analyse	4	bilan	3.5	�valuation	3	diagnostic	2.5	�tude	2	d�duction	1.5	conclusion	1	perception	0.5
connaissances	5	comp�tences	4.5	aptitudes	4	talents	3.5	acquis	3	bagage	2.5	savoir-faire	2	habilet�s	1.5	capacit�s	1	expertises	0.5
enthousiasme	5	int�r�t	4.5	engagement	4	passion	3.5	d�sir	3	curiosit�	2.5	d�termination	2	pers�v�rance	1.5	envie	1	volont�	0.5
poteries	5	fa�ences	4.5	carreaux	4	tuiles	3.5	porcelaines	3	c�ramiques d�coratives	2.5	poteries artisanales	2						
pr�f�rence	5	penchant	4.5	attirance	4	amour	3.5	appr�ciation	3	passion	2.5	int�r�t	2	inclination	1.5	penchant	1	affection	0.5
ornemental	5	esth�tique	4.5	embelli	4	adorn�	3.5	�l�gant	3	fantaisiste	2.5	artistique	2	charmant	1.5	enjoliv�	1	agr�ment�	0.5
r�pondre	5	argumenter	4.5	contester	4	r�pliquer	3.5	renvoyer	3	riposter	2.5	s'opposer	2	d�fendre	1.5	rejeter	1	contrer	0.5
obtenir	5	devenir fran�ais	4.5																
citoyennet�	5	origine	4.5	appartenance	4	identit�	3.5	nationalit� d'adoption	3	naturalisation	2.5	passeport	2	domicile l�gal	1.5				
en danger	5	vuln�rables	4.5	en p�ril	4	fragiles	3.5	pr�caires	3	expos�es	2.5	en d�clin	2	sous pression	1.5	en difficult�	1		
v�g�tation	5	plantes	4.5	flore sauvage	4	v�g�taux	3.5	verdure	3	herbe	2.5	herbac�e	2	botanique	1.5	�cosyst�me v�g�tal	1	couverture v�g�tale	0.5
se trouve	5	occupe	4.5	classe	4	se positionne	3.5	figure	3	se classe	2.5	se range	2	est plac�e	1.5	se localise	1	est class�e	0.5
transformation	5	version	4.5	interpr�tation	4	r�interpr�tation	3.5	transposition	3	modification	2.5	remaniement	2	r��criture	1.5	adaptation cin�matographique	1		
favorise	5	opte pour	4.5	pr�f�re	4	choisis	3.5	s�lectionne	3										
perspective	5	approche	4.5	interpr�tation	4	conception	3.5	id�e	3	perception	2.5	compr�hension	2	angle	1.5	opinion	1		
dr�les	5	comiques	4.5	amusants	4	hilarants	3.5	divertissants	3	rigolos	2.5	plaisants	2	l�gers	1.5	satiriques	1	ironiques	0.5
ridiculisent	5	taquinent	4.5	plaisantent	4	ironisent	3.5	caricaturent	3	parodient	2.5	satirisent	2	se gaussent	1.5				
vite	5	facilement	4.5	promptement	4	sans d�lai	3.5												
																			
compos�s	5	form�s	4.5	�tablis	4	cr��s	3.5	construits	3	organis�s	2.5	assembl�s	2	fabriqu�s	1.5	�rig�s	1		
volontaires	5	amateurs	4.5	non-professionnels	4	passionn�s	3.5	contribuants	3	collaborateurs	2.5	membres actifs	2	partisans	1.5	supporters	1	enthousiastes	0.5
charitables	5	humanitaires	4.5	bienfaisantes	4	philanthropiques	3.5	solidaires	3	sociales	2.5	altruistes	2	g�n�reuses	1.5	bienveillantes	1	aides sociales	0.5
diminuent	5	chutent	4.5	d�clinent	4	r�gressent	3.5	d�croissent	3	fl�chissent	2.5	reculent	2	d�gringolent	1.5	s'effondrent	1		
compr�hensible	5	�vident	4.5	raisonnable	4	coh�rent	3.5	sens�	3	naturel	2.5	normal	2	pr�visible	1.5	justifi�	1	intuitif	0.5
zones	5	�tendues	4.5	superficies	4	terrains	3.5	espaces	3	�cosyst�mes	2.5	r�gions	2	�tendages	1.5	�tendards	1	couvertures	0.5
principalement	5	majoritairement	4.5	surtout	4	avant tout	3.5	en majorit�	3	principalement	2.5	surtout	2						
forestier	5	bois�	4.5	arborescent	4	sylvicole	3.5	broussailleux	3	v�g�tal	2.5	feuillu	2	verdoyant	1.5	naturel	1	sauvage	0.5
situation	5	position	4.5	condition	4	rang	3.5	niveau	3	cat�gorie	2.5	�tat	2	grade	1.5	classe sociale	1	standing	0.5
m�tier	5	emploi	4.5	activit�	4	travail	3.5	carri�re	3	occupation	2.5	fonction	2	poste	1.5	vocation	1	sp�cialit�	0.5
niveau d'exp�rience	5	niveau d'aptitude	4.5	niveau d'expertise	4														
relation	5	union	4.5	couple	4	alliance	3.5	partenariat	3	entente	2.5	harmonie	2	coexistence	1.5	collaboration	1	entente conjugale	0.5
probl�me	5	dispute	4.5	malentendu	4	d�saccord	3.5	tension	3	friction	2.5	conflit	2	brouille	1.5	mauvaise passe	1	difficult�	0.5
imperfections	5	faiblesses	4.5	d�ficiences	4	lacunes	3.5	mauvaises habitudes	3	manquements	2.5	limitations	2	d�fauts humains	1.5	points faibles	1		
nocives	5	dangereuses	4.5	pr�judiciables	4	nuisibles	3.5	toxiques	3	d�favorables	2.5	inappropri�es	2	inad�quates	1.5	d�s�quilibr�es	1	mauvaises	0.5
enfants	5	petits	4.5	tout-petits	4	jeunes	3.5	gosses	3	marmots	2.5	gamins	2	ch�rubins	1.5	poupons	1	minots	0.5
extr�mement	5	tr�s	4.5	exceptionnellement	4	notablement	3.5	sp�cialement	3	surtout	2.5	vraiment	2	incroyablement	1.5	�norm�ment	1	consid�rablement	0.5
document	5	papier	4.5	feuille	4	brochure	3.5	prospectus	3	d�pliant	2.5	flyer	2	affiche	1.5	plaquette	1	publicit�	0.5
marque	5	entreprise	4.5	magasin	4	soci�t�	3.5	boutique	3	commerce	2.5	�tablissement	2	franchise	1.5	enseigne commerciale	1		
poss�de	5	ai r�cup�r�	4.5	ai obtenu	4														
cadeau	5	pr�sent	4.5	offrande	4	b�n�diction	3.5	faveur	3	gr�ce	2.5	bienfait	2	avantage	1.5	dotation	1	donation	0.5
aiguille	5	broche	4.5	pointe	4	piquant	3.5	�pine	3	objet pointu	2.5	tige ac�r�e	2	poin�on	1.5				
dit	5	d�clar�	4.5	�nonc�	4	prof�r�	3.5	murmur�	3	annonc�	2.5	proclam�	2	exprim�	1.5	lanc�	1	r�cit�	0.5
pique	5	transperce	4.5	traverse	4	troue	3.5	enfonce	3	entaille	2.5	perfore	2						
modifier	5	rectifier	4.5	am�liorer	4	r�viser	3.5	corriger l�g�rement	3	adoucir	2.5	att�nuer	2	ajuster	1.5	r�parer partiellement	1	mod�rer	0.5
pr�sent	5	offrande	4.5	don	4	souvenir	3.5	b�n�diction	3	faveur	2.5	gr�ce	2	bienfait	1.5	geste	1	c�l�bration	0.5
acharn�	5	infatigable	4.5	d�termin�	4	assidu	3.5	opini�tre	3	tenace	2.5	endurant	2	pers�v�rant	1.5	inlassable	1	r�solu	0.5
obtenir	5	recevoir	4.5	gagner	4	acqu�rir	3.5	r�ussir	3	remporter	2.5	atteindre	2	empocher	1.5				
�tudie	5	se concentre	4.5	travailler dur	4	r�vise	3.5	s'entra�ne	3	s'applique	2.5	se consacre	2	s'investit	1.5				
insens�	5	fantaisiste	4.5	farfelu	4	original	3.5	�tonnant	3	surprenant	2.5	innovant	2	excentrique	1.5	fantastique	1	inhabituel	0.5
chambres	5	logements	4.5	suites	4	espaces d'h�bergement	3.5	pi�ces	3	appartements	2.5	lodges	2	r�sidences	1.5	quartiers	1	demeures	0.5
attirant	5	charmant	4.5	envo�tant	4	tentant	3.5	captivant	3	enchanteur	2.5	irr�sistible	2	fascinant	1.5	agr�able	1		
importante	5	principale	4.5	dominante	4	pr�dominante	3.5	essentielle	3	fondamentale	2.5	significative	2	capitale	1.5	cruciale	1	d�terminante	0.5
source d'inspiration	5	guide	4.5	mod�le	4	mentor	3.5	influenceur	3	pr�curseur	2.5	pionnier	2	initiateur	1.5	meneur	1	instigateur	0.5
personnage	5	personnalit�	4.5	symbole	4	leader	3.5	ic�ne	3	pilier	2.5	ma�tre	2	pionnier	1.5	�minence	1	influence	0.5
danse	5	mouvements	4.5	encha�nement	4	s�quence chor�graphique	3.5	routine	3	ballet	2.5	performance chor�graphi�e	2						
m�morable	5	iconique	4.5	inoubliable	4	c�l�bre	3.5	populaire	3	l�gendaire	2.5	embl�matique	2	marquant	1.5	remarquable	1	mythique	0.5
danseurs	5	artistes	4.5	interpr�tes	4	performeurs	3.5	acteurs	3	com�diens	2.5	danseuses	2	musiciens	1.5	chanteuses	1		
partiellement	5	partiellement	4.5	incompl�te	4	limit�e	3.5	restreinte	3	partiale	2.5	non totale	2	partag�e	1.5	fractionn�e	1	inachev�e	0.5
